game_id,home_team_id,away_team_id,season,date,is_playoff,home_score,away_score,arena_id
1,1,2,2023,"2022-10-18 23:30:00+00:00",1,126,117,1
2,17,21,2023,"2022-10-19 02:00:00+00:00",1,123,109,1
3,30,25,2023,"2022-10-19 23:00:00+00:00",1,113,109,1
4,27,24,2023,"2022-10-19 23:00:00+00:00",1,107,114,1
5,9,16,2023,"2022-10-19 23:30:00+00:00",1,117,107,1
6,19,22,2023,"2022-10-19 23:30:00+00:00",1,108,130,1
7,20,7,2023,"2022-10-19 23:30:00+00:00",1,115,112,1
8,23,10,2023,"2022-10-19 23:30:00+00:00",1,108,116,1
9,13,8,2023,"2022-10-19 23:30:00+00:00",1,108,105,1
10,6,4,2023,"2022-10-20 00:00:00+00:00",1,115,108,1
11,26,29,2023,"2022-10-20 00:00:00+00:00",1,102,129,1
12,14,15,2023,"2022-10-20 01:00:00+00:00",1,123,102,1
13,18,3,2023,"2022-10-20 02:00:00+00:00",1,107,105,1
14,12,11,2023,"2022-10-20 02:00:00+00:00",1,108,115,1
15,2,5,2023,"2022-10-20 23:30:00+00:00",1,88,90,1
16,21,28,2023,"2022-10-21 02:00:00+00:00",1,97,103,1
17,29,22,2023,"2022-10-21 23:00:00+00:00",1,112,124,1
18,27,26,2023,"2022-10-21 23:00:00+00:00",1,134,137,1
19,24,10,2023,"2022-10-21 23:00:00+00:00",1,102,100,1
20,9,25,2023,"2022-10-21 23:30:00+00:00",1,108,98,1
21,19,13,2023,"2022-10-21 23:30:00+00:00",1,109,105,1
22,23,1,2023,"2022-10-21 23:30:00+00:00",1,104,111,1
23,7,30,2023,"2022-10-21 23:30:00+00:00",1,130,106,1
24,16,20,2023,"2022-10-22 00:00:00+00:00",1,122,129,1
25,6,14,2023,"2022-10-22 00:00:00+00:00",1,126,132,1
26,17,15,2023,"2022-10-22 02:00:00+00:00",1,123,128,1
27,11,18,2023,"2022-10-22 02:00:00+00:00",1,113,111,1
28,2,26,2023,"2022-10-22 22:00:00+00:00",1,105,114,1
29,27,30,2023,"2022-10-22 23:00:00+00:00",1,124,115,1
30,25,1,2023,"2022-10-22 23:00:00+00:00",1,120,126,1
31,10,8,2023,"2022-10-23 00:00:00+00:00",1,96,128,1
32,23,13,2023,"2022-10-23 00:00:00+00:00",1,112,109,1
33,5,16,2023,"2022-10-23 00:00:00+00:00",1,125,105,1
34,3,20,2023,"2022-10-23 00:30:00+00:00",1,137,96,1
35,15,4,2023,"2022-10-23 01:00:00+00:00",1,122,117,1
36,12,28,2023,"2022-10-23 02:00:00+00:00",1,109,111,1
37,21,11,2023,"2022-10-23 19:30:00+00:00",1,104,106,1
38,9,29,2023,"2022-10-23 21:00:00+00:00",1,109,126,1
39,8,24,2023,"2022-10-23 23:00:00+00:00",1,117,107,1
40,22,14,2023,"2022-10-23 23:00:00+00:00",1,121,122,1
41,4,6,2023,"2022-10-24 00:00:00+00:00",1,106,116,1
42,17,12,2023,"2022-10-24 00:30:00+00:00",1,130,125,1
43,28,18,2023,"2022-10-24 02:00:00+00:00",1,95,112,1
44,2,27,2023,"2022-10-24 23:00:00+00:00",1,120,106,1
45,23,13,2023,"2022-10-24 23:30:00+00:00",1,90,98,1
46,7,25,2023,"2022-10-24 23:30:00+00:00",1,115,102,1
47,10,1,2023,"2022-10-25 00:00:00+00:00",1,120,102,1
48,16,14,2023,"2022-10-25 00:00:00+00:00",1,114,108,1
49,20,19,2023,"2022-10-25 00:00:00+00:00",1,134,124,1
50,6,26,2023,"2022-10-25 00:00:00+00:00",1,106,115,1
51,11,15,2023,"2022-10-25 02:00:00+00:00",1,135,110,1
52,24,30,2023,"2022-10-25 23:00:00+00:00",1,120,99,1
53,22,3,2023,"2022-10-25 23:30:00+00:00",1,113,111,1
54,4,28,2023,"2022-10-26 00:00:00+00:00",1,108,94,1
55,18,17,2023,"2022-10-26 02:00:00+00:00",1,134,105,1
56,8,25,2023,"2022-10-26 23:00:00+00:00",1,103,92,1
57,30,9,2023,"2022-10-26 23:00:00+00:00",1,113,118,1
58,5,19,2023,"2022-10-26 23:30:00+00:00",1,110,99,1
59,7,29,2023,"2022-10-26 23:30:00+00:00",1,134,131,1
60,13,2,2023,"2022-10-26 23:30:00+00:00",1,119,109,1
61,10,27,2023,"2022-10-27 00:00:00+00:00",1,124,109,1
62,6,26,2023,"2022-10-27 00:00:00+00:00",1,134,122,1
63,14,16,2023,"2022-10-27 01:00:00+00:00",1,109,101,1
64,15,21,2023,"2022-10-27 02:00:00+00:00",1,110,99,1
65,11,23,2023,"2022-10-27 02:00:00+00:00",1,98,119,1
66,19,3,2023,"2022-10-27 23:30:00+00:00",1,125,129,1
67,4,28,2023,"2022-10-28 00:00:00+00:00",1,118,110,1
68,17,23,2023,"2022-10-28 02:00:00+00:00",1,123,110,1
69,12,20,2023,"2022-10-28 02:00:00+00:00",1,110,125,1
70,30,9,2023,"2022-10-28 23:00:00+00:00",1,112,136,1
71,25,29,2023,"2022-10-28 23:00:00+00:00",1,113,93,1
72,1,8,2023,"2022-10-28 23:30:00+00:00",1,123,132,1
73,13,2,2023,"2022-10-28 23:30:00+00:00",1,90,112,1
74,24,27,2023,"2022-10-28 23:30:00+00:00",1,117,127,1
75,5,7,2023,"2022-10-29 00:00:00+00:00",1,119,108,1
76,6,21,2023,"2022-10-29 00:00:00+00:00",1,111,102,1
77,26,10,2023,"2022-10-29 00:30:00+00:00",1,129,124,1
78,15,14,2023,"2022-10-29 01:00:00+00:00",1,117,101,1
79,18,22,2023,"2022-10-29 02:00:00+00:00",1,124,111,1
80,11,16,2023,"2022-10-29 02:00:00+00:00",1,125,111,1
81,12,23,2023,"2022-10-29 22:00:00+00:00",1,119,113,1
82,29,17,2023,"2022-10-29 23:00:00+00:00",1,120,113,1
83,19,27,2023,"2022-10-29 23:30:00+00:00",1,116,125,1
84,10,2,2023,"2022-10-30 00:00:00+00:00",1,109,114,1
85,5,9,2023,"2022-10-30 00:00:00+00:00",1,123,115,1
86,3,4,2023,"2022-10-30 01:00:00+00:00",1,111,117,1
87,14,20,2023,"2022-10-30 01:00:00+00:00",1,124,123,1
88,28,22,2023,"2022-10-30 19:00:00+00:00",1,91,112,1
89,1,24,2023,"2022-10-30 22:00:00+00:00",1,112,94,1
90,8,7,2023,"2022-10-30 22:00:00+00:00",1,121,108,1
91,30,17,2023,"2022-10-30 22:00:00+00:00",1,128,114,1
92,26,6,2023,"2022-10-30 23:00:00+00:00",1,107,98,1
93,3,25,2023,"2022-10-30 23:30:00+00:00",1,114,105,1
94,18,16,2023,"2022-10-31 01:00:00+00:00",1,124,109,1
95,21,15,2023,"2022-10-31 01:30:00+00:00",1,121,110,1
96,29,12,2023,"2022-10-31 23:00:00+00:00",1,108,115,1
97,24,2,2023,"2022-10-31 23:00:00+00:00",1,111,118,1
98,19,27,2023,"2022-10-31 23:30:00+00:00",1,116,109,1
99,13,9,2023,"2022-10-31 23:30:00+00:00",1,139,109,1
100,5,30,2023,"2022-11-01 00:00:00+00:00",1,110,108,1
101,14,20,2023,"2022-11-01 01:00:00+00:00",1,121,105,1
102,28,16,2023,"2022-11-01 02:30:00+00:00",1,95,93,1
103,19,10,2023,"2022-11-01 23:30:00+00:00",1,99,108,1
104,23,17,2023,"2022-11-01 23:30:00+00:00",1,116,109,1
105,4,25,2023,"2022-11-02 00:00:00+00:00",1,116,108,1
106,18,6,2023,"2022-11-02 02:00:00+00:00",1,116,107,1
107,2,24,2023,"2022-11-02 22:00:00+00:00",1,111,121,1
108,8,1,2023,"2022-11-02 23:30:00+00:00",1,114,113,1
109,23,12,2023,"2022-11-02 23:30:00+00:00",1,110,107,1
110,7,9,2023,"2022-11-02 23:30:00+00:00",1,99,112,1
111,10,29,2023,"2022-11-03 00:00:00+00:00",1,106,88,1
112,16,28,2023,"2022-11-03 00:00:00+00:00",1,101,109,1
113,5,30,2023,"2022-11-03 00:00:00+00:00",1,116,91,1
114,26,13,2023,"2022-11-03 00:00:00+00:00",1,100,143,1
115,3,14,2023,"2022-11-03 00:30:00+00:00",1,103,100,1
116,11,20,2023,"2022-11-03 02:00:00+00:00",1,106,111,1
117,21,22,2023,"2022-11-03 02:30:00+00:00",1,120,117,1
118,25,17,2023,"2022-11-03 23:00:00+00:00",1,130,129,1
119,4,15,2023,"2022-11-04 00:00:00+00:00",1,110,122,1
120,30,8,2023,"2022-11-04 23:00:00+00:00",1,88,112,1
121,27,23,2023,"2022-11-04 23:00:00+00:00",1,101,99,1
122,2,7,2023,"2022-11-04 23:00:00+00:00",1,104,106,1
123,24,19,2023,"2022-11-04 23:00:00+00:00",1,86,128,1
124,1,10,2023,"2022-11-04 23:30:00+00:00",1,123,119,1
125,20,29,2023,"2022-11-05 00:00:00+00:00",1,130,99,1
126,26,28,2023,"2022-11-05 00:00:00+00:00",1,106,113,1
127,3,13,2023,"2022-11-05 00:30:00+00:00",1,111,110,1
128,22,17,2023,"2022-11-05 00:30:00+00:00",1,114,105,1
129,6,5,2023,"2022-11-05 02:00:00+00:00",1,102,115,1
130,18,11,2023,"2022-11-05 02:00:00+00:00",1,106,108,1
131,21,14,2023,"2022-11-05 02:30:00+00:00",1,116,130,1
132,25,12,2023,"2022-11-05 21:00:00+00:00",1,123,126,1
133,29,19,2023,"2022-11-05 23:00:00+00:00",1,94,98,1
134,9,22,2023,"2022-11-05 23:30:00+00:00",1,124,121,1
135,7,1,2023,"2022-11-05 23:30:00+00:00",1,118,133,1
136,5,4,2023,"2022-11-06 00:00:00+00:00",1,108,94,1
137,6,16,2023,"2022-11-06 00:00:00+00:00",1,129,117,1
138,15,26,2023,"2022-11-06 01:00:00+00:00",1,126,101,1
139,18,11,2023,"2022-11-06 02:00:00+00:00",1,102,82,1
140,21,8,2023,"2022-11-06 20:30:00+00:00",1,100,114,1
141,20,24,2023,"2022-11-06 23:00:00+00:00",1,103,97,1
142,13,10,2023,"2022-11-06 23:00:00+00:00",1,113,104,1
143,28,14,2023,"2022-11-07 03:00:00+00:00",1,102,110,1
144,29,24,2023,"2022-11-08 00:00:00+00:00",1,100,108,1
145,25,16,2023,"2022-11-08 00:15:00+00:00",1,127,134,1
146,30,4,2023,"2022-11-08 00:30:00+00:00",1,112,103,1
147,27,22,2023,"2022-11-08 00:45:00+00:00",1,129,122,1
148,2,18,2023,"2022-11-08 01:00:00+00:00",1,100,88,1
149,9,5,2023,"2022-11-08 01:15:00+00:00",1,117,98,1
150,23,11,2023,"2022-11-08 01:30:00+00:00",1,107,110,1
151,10,13,2023,"2022-11-08 01:45:00+00:00",1,111,97,1
152,20,1,2023,"2022-11-08 02:00:00+00:00",1,106,109,1
153,6,7,2023,"2022-11-08 02:15:00+00:00",1,107,120,1
154,26,15,2023,"2022-11-08 02:30:00+00:00",1,109,115,1
155,3,19,2023,"2022-11-08 02:45:00+00:00",1,96,94,1
156,17,12,2023,"2022-11-08 03:00:00+00:00",1,116,113,1
157,14,21,2023,"2022-11-08 03:15:00+00:00",1,139,116,1
158,28,8,2023,"2022-11-08 03:30:00+00:00",1,119,117,1
159,25,3,2023,"2022-11-09 22:30:00+00:00",1,94,87,1
160,29,11,2023,"2022-11-10 00:00:00+00:00",1,95,105,1
161,27,15,2023,"2022-11-10 00:00:00+00:00",1,119,122,1
162,9,14,2023,"2022-11-10 00:30:00+00:00",1,119,125,1
163,1,30,2023,"2022-11-10 00:30:00+00:00",1,128,112,1
164,19,7,2023,"2022-11-10 00:30:00+00:00",1,112,85,1
165,13,16,2023,"2022-11-10 00:30:00+00:00",1,116,109,1
166,10,22,2023,"2022-11-10 01:00:00+00:00",1,111,115,1
167,6,18,2023,"2022-11-10 01:00:00+00:00",1,117,129,1
168,4,5,2023,"2022-11-10 01:00:00+00:00",1,132,136,1
169,26,20,2023,"2022-11-10 01:00:00+00:00",1,122,124,1
170,28,21,2023,"2022-11-10 03:00:00+00:00",1,114,101,1
171,12,8,2023,"2022-11-10 03:00:00+00:00",1,127,120,1
172,24,3,2023,"2022-11-11 00:00:00+00:00",1,113,105,1
173,9,2,2023,"2022-11-11 00:30:00+00:00",1,104,95,1
174,23,29,2023,"2022-11-11 00:30:00+00:00",1,117,112,1
175,22,11,2023,"2022-11-11 01:00:00+00:00",1,95,106,1
176,1,15,2023,"2022-11-12 00:00:00+00:00",1,131,112,1
177,25,18,2023,"2022-11-12 00:00:00+00:00",1,114,97,1
178,7,30,2023,"2022-11-12 00:30:00+00:00",1,121,112,1
179,4,13,2023,"2022-11-12 01:00:00+00:00",1,132,113,1
180,26,5,2023,"2022-11-12 01:00:00+00:00",1,111,93,1
181,20,6,2023,"2022-11-12 02:30:00+00:00",1,114,103,1
182,17,8,2023,"2022-11-12 03:00:00+00:00",1,106,101,1
183,21,12,2023,"2022-11-12 03:30:00+00:00",1,114,120,1
184,28,19,2023,"2022-11-12 21:00:00+00:00",1,95,110,1
185,24,14,2023,"2022-11-12 23:00:00+00:00",1,121,112,1
186,30,1,2023,"2022-11-13 00:00:00+00:00",1,108,117,1
187,27,13,2023,"2022-11-13 00:00:00+00:00",1,118,104,1
188,2,9,2023,"2022-11-13 00:30:00+00:00",1,121,109,1
189,23,29,2023,"2022-11-13 01:00:00+00:00",1,132,115,1
190,3,11,2023,"2022-11-13 01:30:00+00:00",1,117,112,1
191,22,16,2023,"2022-11-13 01:30:00+00:00",1,119,106,1
192,7,4,2023,"2022-11-13 17:00:00+00:00",1,135,145,1
193,8,6,2023,"2022-11-13 23:00:00+00:00",1,124,129,1
194,24,20,2023,"2022-11-13 23:00:00+00:00",1,102,92,1
195,2,14,2023,"2022-11-14 00:30:00+00:00",1,105,98,1
196,10,15,2023,"2022-11-14 01:00:00+00:00",1,103,126,1
197,12,17,2023,"2022-11-14 02:00:00+00:00",1,122,115,1
198,21,19,2023,"2022-11-14 02:30:00+00:00",1,116,103,1
199,30,13,2023,"2022-11-15 00:00:00+00:00",1,111,115,1
200,25,29,2023,"2022-11-15 00:00:00+00:00",1,105,112,1
201,1,4,2023,"2022-11-15 00:30:00+00:00",1,126,122,1
202,23,18,2023,"2022-11-15 00:30:00+00:00",1,113,112,1
203,16,28,2023,"2022-11-15 01:00:00+00:00",1,106,122,1
204,5,9,2023,"2022-11-15 01:00:00+00:00",1,106,121,1
205,17,26,2023,"2022-11-15 03:00:00+00:00",1,132,95,1
206,22,20,2023,"2022-11-16 00:30:00+00:00",1,113,102,1
207,3,28,2023,"2022-11-16 01:30:00+00:00",1,103,101,1
208,14,7,2023,"2022-11-16 02:00:00+00:00",1,111,118,1
209,11,26,2023,"2022-11-16 03:00:00+00:00",1,117,110,1
210,12,19,2023,"2022-11-16 03:00:00+00:00",1,153,121,1
211,29,27,2023,"2022-11-17 00:00:00+00:00",1,113,125,1
212,25,6,2023,"2022-11-17 00:00:00+00:00",1,108,126,1
213,24,4,2023,"2022-11-17 00:00:00+00:00",1,120,121,1
214,9,1,2023,"2022-11-17 00:30:00+00:00",1,101,126,1
215,13,23,2023,"2022-11-17 00:30:00+00:00",1,112,104,1
216,5,8,2023,"2022-11-17 01:00:00+00:00",1,113,98,1
217,22,10,2023,"2022-11-17 01:00:00+00:00",1,124,110,1
218,3,16,2023,"2022-11-17 01:30:00+00:00",1,92,101,1
219,15,7,2023,"2022-11-17 03:00:00+00:00",1,103,106,1
220,18,17,2023,"2022-11-17 03:00:00+00:00",1,130,119,1
221,11,19,2023,"2022-11-18 03:00:00+00:00",1,107,109,1
222,12,26,2023,"2022-11-18 03:00:00+00:00",1,130,112,1
223,28,30,2023,"2022-11-18 03:30:00+00:00",1,96,91,1
224,24,23,2023,"2022-11-19 00:00:00+00:00",1,107,106,1
225,8,29,2023,"2022-11-19 00:30:00+00:00",1,132,122,1
226,2,5,2023,"2022-11-19 00:30:00+00:00",1,110,102,1
227,10,25,2023,"2022-11-19 01:00:00+00:00",1,107,108,1
228,16,27,2023,"2022-11-19 01:00:00+00:00",1,91,99,1
229,20,4,2023,"2022-11-19 01:00:00+00:00",1,121,110,1
230,3,15,2023,"2022-11-19 01:30:00+00:00",1,127,99,1
231,22,1,2023,"2022-11-19 01:30:00+00:00",1,109,117,1
232,14,18,2023,"2022-11-19 02:00:00+00:00",1,134,133,1
233,17,7,2023,"2022-11-19 03:00:00+00:00",1,111,101,1
234,21,30,2023,"2022-11-19 03:30:00+00:00",1,128,121,1
235,9,13,2023,"2022-11-19 23:00:00+00:00",1,124,122,1
236,27,25,2023,"2022-11-20 00:00:00+00:00",1,114,113,1
237,2,6,2023,"2022-11-20 00:30:00+00:00",1,109,112,1
238,11,14,2023,"2022-11-20 03:00:00+00:00",1,113,118,1
239,28,26,2023,"2022-11-20 03:30:00+00:00",1,119,97,1
240,18,7,2023,"2022-11-20 20:30:00+00:00",1,116,95,1
241,12,30,2023,"2022-11-20 23:00:00+00:00",1,137,129,1
242,24,29,2023,"2022-11-20 23:00:00+00:00",1,106,102,1
243,19,20,2023,"2022-11-21 00:00:00+00:00",1,127,115,1
244,8,23,2023,"2022-11-21 00:00:00+00:00",1,113,87,1
245,16,17,2023,"2022-11-21 00:00:00+00:00",1,120,127,1
246,3,15,2023,"2022-11-21 00:30:00+00:00",1,97,98,1
247,21,26,2023,"2022-11-21 02:30:00+00:00",1,123,92,1
248,8,9,2023,"2022-11-22 00:00:00+00:00",1,114,102,1
249,27,25,2023,"2022-11-22 00:00:00+00:00",1,123,102,1
250,10,1,2023,"2022-11-22 01:00:00+00:00",1,121,107,1
251,5,11,2023,"2022-11-22 01:00:00+00:00",1,119,111,1
252,6,23,2023,"2022-11-22 01:00:00+00:00",1,105,101,1
253,22,17,2023,"2022-11-22 01:00:00+00:00",1,128,83,1
254,4,7,2023,"2022-11-22 01:00:00+00:00",1,119,129,1
255,28,14,2023,"2022-11-22 03:30:00+00:00",1,121,114,1
256,2,19,2023,"2022-11-23 00:30:00+00:00",1,115,106,1
257,20,12,2023,"2022-11-23 01:00:00+00:00",1,109,113,1
258,15,30,2023,"2022-11-23 02:00:00+00:00",1,108,110,1
259,18,21,2023,"2022-11-23 03:00:00+00:00",1,115,105,1
260,29,2,2023,"2022-11-24 00:00:00+00:00",1,107,101,1
261,8,11,2023,"2022-11-24 00:00:00+00:00",1,114,96,1
262,27,6,2023,"2022-11-24 00:00:00+00:00",1,101,115,1
263,9,12,2023,"2022-11-24 00:30:00+00:00",1,115,106,1
264,1,3,2023,"2022-11-24 00:30:00+00:00",1,125,112,1
265,23,24,2023,"2022-11-24 00:30:00+00:00",1,113,105,1
266,13,19,2023,"2022-11-24 00:30:00+00:00",1,98,112,1
267,5,10,2023,"2022-11-24 01:00:00+00:00",1,113,118,1
268,4,15,2023,"2022-11-24 01:00:00+00:00",1,126,131,1
269,26,22,2023,"2022-11-24 01:00:00+00:00",1,110,129,1
270,14,30,2023,"2022-11-24 02:00:00+00:00",1,116,125,1
271,17,28,2023,"2022-11-24 03:00:00+00:00",1,124,107,1
272,29,6,2023,"2022-11-25 22:00:00+00:00",1,110,108,1
273,25,2,2023,"2022-11-26 00:00:00+00:00",1,99,107,1
274,7,11,2023,"2022-11-26 00:30:00+00:00",1,129,132,1
275,1,12,2023,"2022-11-26 01:00:00+00:00",1,122,104,1
276,16,9,2023,"2022-11-26 01:00:00+00:00",1,128,122,1
277,27,19,2023,"2022-11-26 01:00:00+00:00",1,128,117,1
278,20,22,2023,"2022-11-26 01:00:00+00:00",1,132,111,1
279,23,24,2023,"2022-11-26 01:00:00+00:00",1,110,107,1
280,5,8,2023,"2022-11-26 01:00:00+00:00",1,117,102,1
281,4,10,2023,"2022-11-26 01:00:00+00:00",1,123,119,1
282,26,21,2023,"2022-11-26 01:00:00+00:00",1,94,105,1
283,18,30,2023,"2022-11-26 02:00:00+00:00",1,108,102,1
284,17,14,2023,"2022-11-26 03:00:00+00:00",1,129,118,1
285,28,15,2023,"2022-11-26 03:30:00+00:00",1,104,114,1
286,13,3,2023,"2022-11-26 22:00:00+00:00",1,105,100,1
287,16,4,2023,"2022-11-27 01:00:00+00:00",1,118,105,1
288,26,21,2023,"2022-11-27 01:00:00+00:00",1,138,143,1
289,18,14,2023,"2022-11-27 02:00:00+00:00",1,113,112,1
290,19,11,2023,"2022-11-27 20:00:00+00:00",1,111,97,1
291,6,17,2023,"2022-11-27 20:30:00+00:00",1,114,137,1
292,28,27,2023,"2022-11-27 21:00:00+00:00",1,114,100,1
293,9,23,2023,"2022-11-27 22:00:00+00:00",1,98,106,1
294,1,24,2023,"2022-11-27 23:00:00+00:00",1,130,121,1
295,30,8,2023,"2022-11-27 23:00:00+00:00",1,94,102,1
296,7,20,2023,"2022-11-27 23:00:00+00:00",1,123,127,1
297,25,2,2023,"2022-11-27 23:00:00+00:00",1,103,133,1
298,5,3,2023,"2022-11-28 01:00:00+00:00",1,124,115,1
299,2,9,2023,"2022-11-29 00:00:00+00:00",1,104,101,1
300,24,6,2023,"2022-11-29 00:00:00+00:00",1,142,127,1
301,1,29,2023,"2022-11-29 00:30:00+00:00",1,140,105,1
302,19,25,2023,"2022-11-29 00:30:00+00:00",1,109,102,1
303,13,8,2023,"2022-11-29 00:30:00+00:00",1,100,88,1
304,22,4,2023,"2022-11-29 01:00:00+00:00",1,105,101,1
305,15,16,2023,"2022-11-29 02:00:00+00:00",1,129,113,1
306,14,10,2023,"2022-11-29 02:00:00+00:00",1,107,114,1
307,12,18,2023,"2022-11-29 03:00:00+00:00",1,117,122,1
308,21,27,2023,"2022-11-29 03:30:00+00:00",1,115,116,1
309,30,7,2023,"2022-11-30 00:00:00+00:00",1,110,140,1
310,3,17,2023,"2022-11-30 00:30:00+00:00",1,116,113,1
311,11,28,2023,"2022-11-30 03:00:00+00:00",1,112,118,1
312,8,2,2023,"2022-12-01 00:00:00+00:00",1,113,85,1
313,25,9,2023,"2022-12-01 00:00:00+00:00",1,108,125,1
314,1,23,2023,"2022-12-01 00:30:00+00:00",1,134,121,1
315,19,24,2023,"2022-12-01 00:30:00+00:00",1,113,107,1
316,7,5,2023,"2022-12-01 00:30:00+00:00",1,103,109,1
317,6,20,2023,"2022-12-01 01:00:00+00:00",1,109,101,1
318,22,13,2023,"2022-12-01 01:00:00+00:00",1,126,108,1
319,4,26,2023,"2022-12-01 01:00:00+00:00",1,119,111,1
320,15,16,2023,"2022-12-01 02:00:00+00:00",1,120,100,1
321,18,10,2023,"2022-12-01 02:00:00+00:00",1,132,113,1
322,14,28,2023,"2022-12-01 02:00:00+00:00",1,125,112,1
323,12,27,2023,"2022-12-01 03:00:00+00:00",1,137,114,1
324,21,11,2023,"2022-12-01 03:30:00+00:00",1,128,109,1
325,30,3,2023,"2022-12-02 00:00:00+00:00",1,131,125,1
326,29,24,2023,"2022-12-03 00:00:00+00:00",1,117,116,1
327,9,15,2023,"2022-12-03 00:30:00+00:00",1,117,109,1
328,1,23,2023,"2022-12-03 00:30:00+00:00",1,116,120,1
329,19,13,2023,"2022-12-03 00:30:00+00:00",1,114,105,1
330,8,25,2023,"2022-12-03 00:30:00+00:00",1,107,96,1
331,5,21,2023,"2022-12-03 00:30:00+00:00",1,129,133,1
332,20,2,2023,"2022-12-03 01:00:00+00:00",1,117,109,1
333,26,22,2023,"2022-12-03 01:00:00+00:00",1,99,117,1
334,18,16,2023,"2022-12-03 02:00:00+00:00",1,121,122,1
335,14,27,2023,"2022-12-03 02:00:00+00:00",1,139,119,1
336,17,10,2023,"2022-12-03 03:00:00+00:00",1,119,111,1
337,7,3,2023,"2022-12-03 17:30:00+00:00",1,100,121,1
338,28,12,2023,"2022-12-03 21:00:00+00:00",1,96,123,1
339,29,5,2023,"2022-12-03 23:00:00+00:00",1,96,105,1
340,6,4,2023,"2022-12-04 01:00:00+00:00",1,128,135,1
341,13,25,2023,"2022-12-04 01:00:00+00:00",1,121,108,1
342,17,16,2023,"2022-12-04 01:30:00+00:00",1,120,101,1
343,14,11,2023,"2022-12-04 02:00:00+00:00",1,111,116,1
344,22,15,2023,"2022-12-04 20:30:00+00:00",1,121,106,1
345,26,18,2023,"2022-12-04 21:00:00+00:00",1,95,133,1
346,19,1,2023,"2022-12-04 23:00:00+00:00",1,92,103,1
347,30,20,2023,"2022-12-04 23:00:00+00:00",1,112,122,1
348,7,8,2023,"2022-12-04 23:00:00+00:00",1,92,81,1
349,12,10,2023,"2022-12-04 23:00:00+00:00",1,110,101,1
350,24,21,2023,"2022-12-04 23:00:00+00:00",1,119,130,1
351,11,27,2023,"2022-12-05 02:00:00+00:00",1,116,100,1
352,29,28,2023,"2022-12-06 00:00:00+00:00",1,117,119,1
353,25,5,2023,"2022-12-06 00:00:00+00:00",1,102,109,1
354,9,4,2023,"2022-12-06 00:30:00+00:00",1,114,121,1
355,13,1,2023,"2022-12-06 00:30:00+00:00",1,110,116,1
356,16,2,2023,"2022-12-06 01:00:00+00:00",1,132,123,1
357,20,23,2023,"2022-12-06 01:00:00+00:00",1,101,93,1
358,3,18,2023,"2022-12-06 01:30:00+00:00",1,130,111,1
359,17,27,2023,"2022-12-06 03:00:00+00:00",1,104,112,1
360,8,21,2023,"2022-12-07 00:30:00+00:00",1,116,102,1
361,23,30,2023,"2022-12-07 00:30:00+00:00",1,96,116,1
362,15,3,2023,"2022-12-07 03:00:00+00:00",1,115,116,1
363,25,28,2023,"2022-12-08 00:00:00+00:00",1,116,111,1
364,19,29,2023,"2022-12-08 00:30:00+00:00",1,122,116,1
365,7,9,2023,"2022-12-08 00:30:00+00:00",1,113,89,1
366,13,21,2023,"2022-12-08 00:30:00+00:00",1,126,113,1
367,10,24,2023,"2022-12-08 01:00:00+00:00",1,115,111,1
368,20,4,2023,"2022-12-08 01:00:00+00:00",1,123,102,1
369,5,12,2023,"2022-12-08 01:00:00+00:00",1,126,113,1
370,6,27,2023,"2022-12-08 01:00:00+00:00",1,121,115,1
371,22,30,2023,"2022-12-08 01:00:00+00:00",1,104,98,1
372,14,17,2023,"2022-12-08 02:00:00+00:00",1,124,123,1
373,18,1,2023,"2022-12-08 03:00:00+00:00",1,98,125,1
374,23,28,2023,"2022-12-09 00:30:00+00:00",1,115,110,1
375,26,16,2023,"2022-12-09 01:30:00+00:00",1,118,109,1
376,11,15,2023,"2022-12-09 03:00:00+00:00",1,120,121,1
377,29,7,2023,"2022-12-10 00:00:00+00:00",1,102,121,1
378,27,24,2023,"2022-12-10 00:00:00+00:00",1,121,111,1
379,25,13,2023,"2022-12-10 00:00:00+00:00",1,113,109,1
380,19,9,2023,"2022-12-10 00:30:00+00:00",1,120,116,1
381,8,12,2023,"2022-12-10 00:30:00+00:00",1,95,106,1
382,2,21,2023,"2022-12-10 00:30:00+00:00",1,133,122,1
383,20,30,2023,"2022-12-10 01:00:00+00:00",1,114,103,1
384,22,18,2023,"2022-12-10 01:30:00+00:00",1,128,117,1
385,14,6,2023,"2022-12-10 02:00:00+00:00",1,108,118,1
386,3,5,2023,"2022-12-10 03:00:00+00:00",1,105,106,1
387,23,26,2023,"2022-12-10 22:00:00+00:00",1,111,115,1
388,27,19,2023,"2022-12-11 00:00:00+00:00",1,133,136,1
389,24,28,2023,"2022-12-11 00:00:00+00:00",1,107,114,1
390,8,4,2023,"2022-12-11 00:30:00+00:00",1,110,102,1
391,10,3,2023,"2022-12-11 01:00:00+00:00",1,144,115,1
392,17,1,2023,"2022-12-11 01:30:00+00:00",1,123,107,1
393,15,14,2023,"2022-12-11 02:00:00+00:00",1,115,110,1
394,11,6,2023,"2022-12-11 03:00:00+00:00",1,124,118,1
395,22,18,2023,"2022-12-11 20:30:00+00:00",1,129,124,1
396,30,21,2023,"2022-12-11 23:00:00+00:00",1,117,124,1
397,7,12,2023,"2022-12-11 23:00:00+00:00",1,112,99,1
398,25,13,2023,"2022-12-11 23:00:00+00:00",1,111,99,1
399,2,29,2023,"2022-12-11 23:00:00+00:00",1,131,113,1
400,9,10,2023,"2022-12-11 23:30:00+00:00",1,123,122,1
401,16,5,2023,"2022-12-12 00:00:00+00:00",1,97,92,1
402,27,23,2023,"2022-12-13 00:00:00+00:00",1,82,87,1
403,24,19,2023,"2022-12-13 00:00:00+00:00",1,100,112,1
404,20,9,2023,"2022-12-13 01:00:00+00:00",1,128,103,1
405,3,4,2023,"2022-12-13 01:30:00+00:00",1,121,114,1
406,26,8,2023,"2022-12-13 01:30:00+00:00",1,112,111,1
407,11,6,2023,"2022-12-13 03:00:00+00:00",1,133,112,1
408,28,1,2023,"2022-12-13 03:30:00+00:00",1,113,93,1
409,2,12,2023,"2022-12-14 00:00:00+00:00",1,123,103,1
410,5,17,2023,"2022-12-14 00:30:00+00:00",1,128,111,1
411,16,18,2023,"2022-12-14 01:00:00+00:00",1,111,97,1
412,14,22,2023,"2022-12-14 02:00:00+00:00",1,121,100,1
413,21,1,2023,"2022-12-14 03:00:00+00:00",1,118,122,1
414,29,30,2023,"2022-12-15 00:00:00+00:00",1,134,141,1
415,27,17,2023,"2022-12-15 00:00:00+00:00",1,125,119,1
416,25,9,2023,"2022-12-15 00:00:00+00:00",1,135,124,1
417,10,7,2023,"2022-12-15 00:30:00+00:00",1,120,128,1
418,13,12,2023,"2022-12-15 00:30:00+00:00",1,123,124,1
419,4,23,2023,"2022-12-15 01:00:00+00:00",1,108,110,1
420,26,11,2023,"2022-12-15 01:00:00+00:00",1,112,128,1
421,3,8,2023,"2022-12-15 02:00:00+00:00",1,90,105,1
422,15,24,2023,"2022-12-15 02:00:00+00:00",1,141,128,1
423,28,6,2023,"2022-12-15 03:00:00+00:00",1,99,88,1
424,16,23,2023,"2022-12-16 01:00:00+00:00",1,108,111,1
425,20,5,2023,"2022-12-16 01:00:00+00:00",1,142,101,1
426,14,22,2023,"2022-12-16 02:00:00+00:00",1,132,129,1
427,28,18,2023,"2022-12-16 03:30:00+00:00",1,95,111,1
428,29,9,2023,"2022-12-17 00:00:00+00:00",1,106,125,1
429,30,12,2023,"2022-12-17 00:00:00+00:00",1,113,122,1
430,1,25,2023,"2022-12-17 00:30:00+00:00",1,109,117,1
431,8,27,2023,"2022-12-17 00:30:00+00:00",1,118,112,1
432,2,17,2023,"2022-12-17 00:30:00+00:00",1,118,106,1
433,13,19,2023,"2022-12-17 00:30:00+00:00",1,116,119,1
434,10,7,2023,"2022-12-17 01:00:00+00:00",1,91,114,1
435,4,6,2023,"2022-12-17 01:00:00+00:00",1,110,112,1
436,3,11,2023,"2022-12-17 01:30:00+00:00",1,130,110,1
437,21,15,2023,"2022-12-17 03:00:00+00:00",1,126,108,1
438,28,24,2023,"2022-12-17 21:00:00+00:00",1,102,93,1
439,26,23,2023,"2022-12-17 22:00:00+00:00",1,101,111,1
440,8,3,2023,"2022-12-18 01:00:00+00:00",1,100,99,1
441,16,11,2023,"2022-12-18 01:00:00+00:00",1,95,107,1
442,5,14,2023,"2022-12-18 01:00:00+00:00",1,123,97,1
443,4,20,2023,"2022-12-18 01:00:00+00:00",1,115,109,1
444,18,22,2023,"2022-12-18 02:00:00+00:00",1,118,114,1
445,1,25,2023,"2022-12-18 20:00:00+00:00",1,92,95,1
446,27,7,2023,"2022-12-18 22:00:00+00:00",1,106,109,1
447,30,19,2023,"2022-12-18 23:00:00+00:00",1,121,124,1
448,13,17,2023,"2022-12-18 23:00:00+00:00",1,110,126,1
449,6,10,2023,"2022-12-19 00:00:00+00:00",1,150,126,1
450,15,29,2023,"2022-12-19 01:00:00+00:00",1,119,115,1
451,21,24,2023,"2022-12-19 02:30:00+00:00",1,119,117,1
452,8,14,2023,"2022-12-20 00:00:00+00:00",1,122,99,1
453,2,13,2023,"2022-12-20 00:00:00+00:00",1,104,101,1
454,9,25,2023,"2022-12-20 00:30:00+00:00",1,126,125,1
455,16,26,2023,"2022-12-20 01:00:00+00:00",1,105,124,1
456,6,3,2023,"2022-12-20 01:00:00+00:00",1,116,106,1
457,22,5,2023,"2022-12-20 01:00:00+00:00",1,119,128,1
458,4,11,2023,"2022-12-20 01:00:00+00:00",1,123,121,1
459,18,21,2023,"2022-12-20 02:00:00+00:00",1,130,104,1
460,12,29,2023,"2022-12-20 03:00:00+00:00",1,119,125,1
461,30,14,2023,"2022-12-21 00:00:00+00:00",1,111,126,1
462,23,10,2023,"2022-12-21 00:30:00+00:00",1,103,113,1
463,7,17,2023,"2022-12-21 00:30:00+00:00",1,132,94,1
464,18,24,2023,"2022-12-21 02:00:00+00:00",1,110,113,1
465,15,20,2023,"2022-12-21 03:00:00+00:00",1,105,91,1
466,8,5,2023,"2022-12-22 00:00:00+00:00",1,114,106,1
467,2,30,2023,"2022-12-22 00:00:00+00:00",1,113,93,1
468,9,10,2023,"2022-12-22 00:30:00+00:00",1,108,110,1
469,1,27,2023,"2022-12-22 00:30:00+00:00",1,112,117,1
470,19,17,2023,"2022-12-22 00:30:00+00:00",1,143,113,1
471,7,13,2023,"2022-12-22 00:30:00+00:00",1,106,113,1
472,16,25,2023,"2022-12-22 01:00:00+00:00",1,110,116,1
473,6,3,2023,"2022-12-22 01:00:00+00:00",1,99,104,1
474,4,11,2023,"2022-12-22 01:00:00+00:00",1,101,98,1
475,12,21,2023,"2022-12-22 03:00:00+00:00",1,134,120,1
476,28,29,2023,"2022-12-22 03:30:00+00:00",1,126,105,1
477,22,26,2023,"2022-12-23 01:00:00+00:00",1,126,117,1
478,14,24,2023,"2022-12-23 02:00:00+00:00",1,120,112,1
479,25,26,2023,"2022-12-24 00:00:00+00:00",1,133,113,1
480,2,28,2023,"2022-12-24 00:00:00+00:00",1,119,114,1
481,9,30,2023,"2022-12-24 00:30:00+00:00",1,130,105,1
482,1,6,2023,"2022-12-24 00:30:00+00:00",1,121,109,1
483,19,5,2023,"2022-12-24 00:30:00+00:00",1,118,100,1
484,8,13,2023,"2022-12-24 00:30:00+00:00",1,107,118,1
485,7,10,2023,"2022-12-24 00:30:00+00:00",1,117,118,1
486,16,3,2023,"2022-12-24 01:00:00+00:00",1,106,112,1
487,23,27,2023,"2022-12-24 01:00:00+00:00",1,108,111,1
488,4,22,2023,"2022-12-24 01:00:00+00:00",1,125,128,1
489,15,11,2023,"2022-12-24 02:00:00+00:00",1,120,107,1
490,18,20,2023,"2022-12-24 03:00:00+00:00",1,100,125,1
491,12,24,2023,"2022-12-24 03:00:00+00:00",1,111,125,1
492,21,29,2023,"2022-12-24 03:30:00+00:00",1,130,134,1
493,7,2,2023,"2022-12-25 17:00:00+00:00",1,112,119,1
494,3,21,2023,"2022-12-25 19:30:00+00:00",1,124,115,1
495,1,5,2023,"2022-12-25 22:00:00+00:00",1,139,118,1
496,17,20,2023,"2022-12-26 01:00:00+00:00",1,123,109,1
497,15,18,2023,"2022-12-26 03:30:00+00:00",1,128,125,1
498,8,19,2023,"2022-12-27 00:00:00+00:00",1,117,125,1
499,30,28,2023,"2022-12-27 00:00:00+00:00",1,131,142,1
500,23,6,2023,"2022-12-27 00:30:00+00:00",1,113,110,1
501,10,16,2023,"2022-12-27 01:00:00+00:00",1,118,133,1
502,22,27,2023,"2022-12-27 01:00:00+00:00",1,113,93,1
503,26,14,2023,"2022-12-27 01:00:00+00:00",1,126,122,1
504,11,29,2023,"2022-12-27 03:00:00+00:00",1,124,113,1
505,25,21,2023,"2022-12-28 00:00:00+00:00",1,110,129,1
506,24,2,2023,"2022-12-28 00:00:00+00:00",1,116,111,1
507,1,16,2023,"2022-12-28 00:30:00+00:00",1,126,102,1
508,27,9,2023,"2022-12-28 00:30:00+00:00",1,129,114,1
509,13,28,2023,"2022-12-28 00:30:00+00:00",1,113,124,1
510,20,18,2023,"2022-12-28 01:00:00+00:00",1,108,125,1
511,4,26,2023,"2022-12-28 01:00:00+00:00",1,130,114,1
512,3,7,2023,"2022-12-28 01:30:00+00:00",1,126,121,1
513,17,29,2023,"2022-12-28 03:00:00+00:00",1,110,105,1
514,12,15,2023,"2022-12-28 03:00:00+00:00",1,106,113,1
515,30,25,2023,"2022-12-29 00:00:00+00:00",1,121,101,1
516,24,18,2023,"2022-12-29 00:00:00+00:00",1,127,102,1
517,9,19,2023,"2022-12-29 00:30:00+00:00",1,107,108,1
518,23,21,2023,"2022-12-29 00:30:00+00:00",1,112,98,1
519,10,5,2023,"2022-12-29 01:00:00+00:00",1,119,113,1
520,22,6,2023,"2022-12-29 01:00:00+00:00",1,119,118,1
521,17,14,2023,"2022-12-29 03:00:00+00:00",1,112,107,1
522,12,15,2023,"2022-12-29 03:00:00+00:00",1,127,126,1
523,29,4,2023,"2022-12-30 00:00:00+00:00",1,121,113,1
524,27,8,2023,"2022-12-30 00:00:00+00:00",1,135,126,1
525,1,28,2023,"2022-12-30 00:30:00+00:00",1,116,110,1
526,13,20,2023,"2022-12-30 00:30:00+00:00",1,106,119,1
527,26,7,2023,"2022-12-30 01:00:00+00:00",1,122,115,1
528,3,16,2023,"2022-12-30 01:30:00+00:00",1,129,114,1
529,25,24,2023,"2022-12-31 00:00:00+00:00",1,100,119,1
530,9,21,2023,"2022-12-31 00:30:00+00:00",1,121,130,1
531,13,18,2023,"2022-12-31 00:30:00+00:00",1,113,104,1
532,10,30,2023,"2022-12-31 01:00:00+00:00",1,132,118,1
533,5,6,2023,"2022-12-31 01:00:00+00:00",1,123,114,1
534,22,2,2023,"2022-12-31 01:30:00+00:00",1,127,116,1
535,15,23,2023,"2022-12-31 02:00:00+00:00",1,124,119,1
536,17,11,2023,"2022-12-31 03:00:00+00:00",1,118,112,1
537,12,14,2023,"2022-12-31 03:00:00+00:00",1,126,125,1
538,27,28,2023,"2022-12-31 20:00:00+00:00",1,131,130,1
539,10,8,2023,"2023-01-01 00:00:00+00:00",1,102,103,1
540,29,19,2023,"2023-01-01 00:00:00+00:00",1,106,123,1
541,16,7,2023,"2023-01-01 00:00:00+00:00",1,88,108,1
542,26,3,2023,"2023-01-01 00:00:00+00:00",1,125,126,1
543,20,22,2023,"2023-01-01 01:00:00+00:00",1,116,101,1
544,6,30,2023,"2023-01-01 01:00:00+00:00",1,104,116,1
545,4,2,2023,"2023-01-01 01:00:00+00:00",1,96,115,1
546,14,23,2023,"2023-01-01 02:00:00+00:00",1,123,126,1
547,15,1,2023,"2023-01-02 01:00:00+00:00",1,123,111,1
548,20,12,2023,"2023-01-02 01:00:00+00:00",1,118,108,1
549,5,24,2023,"2023-01-02 01:00:00+00:00",1,95,118,1
550,7,18,2023,"2023-01-02 20:00:00+00:00",1,102,83,1
551,29,21,2023,"2023-01-03 00:00:00+00:00",1,115,121,1
552,8,10,2023,"2023-01-03 00:00:00+00:00",1,145,134,1
553,27,13,2023,"2023-01-03 00:00:00+00:00",1,122,114,1
554,2,22,2023,"2023-01-03 00:00:00+00:00",1,120,111,1
555,19,26,2023,"2023-01-03 00:30:00+00:00",1,139,103,1
556,16,3,2023,"2023-01-03 01:00:00+00:00",1,106,111,1
557,6,15,2023,"2023-01-03 01:00:00+00:00",1,124,111,1
558,17,9,2023,"2023-01-03 03:00:00+00:00",1,143,141,1
559,11,30,2023,"2023-01-03 03:00:00+00:00",1,135,106,1
560,28,23,2023,"2023-01-03 03:30:00+00:00",1,100,110,1
561,5,24,2023,"2023-01-04 01:00:00+00:00",1,123,113,1
562,4,1,2023,"2023-01-04 01:00:00+00:00",1,150,117,1
563,14,12,2023,"2023-01-04 02:00:00+00:00",1,115,117,1
564,29,20,2023,"2023-01-05 00:00:00+00:00",1,107,131,1
565,8,18,2023,"2023-01-05 00:00:00+00:00",1,90,88,1
566,25,4,2023,"2023-01-05 00:00:00+00:00",1,126,115,1
567,2,27,2023,"2023-01-05 00:00:00+00:00",1,129,126,1
568,7,26,2023,"2023-01-05 00:30:00+00:00",1,117,114,1
569,13,5,2023,"2023-01-05 00:30:00+00:00",1,101,104,1
570,10,19,2023,"2023-01-05 01:00:00+00:00",1,121,112,1
571,6,11,2023,"2023-01-05 01:00:00+00:00",1,113,106,1
572,22,16,2023,"2023-01-05 01:00:00+00:00",1,119,108,1
573,17,30,2023,"2023-01-05 03:00:00+00:00",1,119,122,1
574,21,23,2023,"2023-01-05 03:00:00+00:00",1,112,109,1
575,12,9,2023,"2023-01-05 03:00:00+00:00",1,117,120,1
576,25,20,2023,"2023-01-06 00:00:00+00:00",1,115,123,1
577,3,1,2023,"2023-01-06 00:30:00+00:00",1,95,124,1
578,16,14,2023,"2023-01-06 01:00:00+00:00",1,114,131,1
579,15,28,2023,"2023-01-06 03:00:00+00:00",1,122,91,1
580,27,11,2023,"2023-01-07 00:00:00+00:00",1,108,99,1
581,2,10,2023,"2023-01-07 00:00:00+00:00",1,112,126,1
582,22,19,2023,"2023-01-07 00:30:00+00:00",1,102,108,1
583,13,7,2023,"2023-01-07 00:30:00+00:00",1,108,112,1
584,5,29,2023,"2023-01-07 01:00:00+00:00",1,109,138,1
585,4,24,2023,"2023-01-07 01:00:00+00:00",1,127,110,1
586,26,30,2023,"2023-01-07 01:00:00+00:00",1,121,109,1
587,15,8,2023,"2023-01-07 02:00:00+00:00",1,121,108,1
588,6,28,2023,"2023-01-07 02:00:00+00:00",1,128,115,1
589,18,23,2023,"2023-01-07 03:00:00+00:00",1,96,104,1
590,21,9,2023,"2023-01-07 03:30:00+00:00",1,130,114,1
591,26,1,2023,"2023-01-07 23:00:00+00:00",1,116,121,1
592,10,14,2023,"2023-01-08 01:00:00+00:00",1,126,118,1
593,3,22,2023,"2023-01-08 01:00:00+00:00",1,127,117,1
594,17,25,2023,"2023-01-08 01:30:00+00:00",1,101,115,1
595,12,21,2023,"2023-01-08 03:00:00+00:00",1,134,136,1
596,30,2,2023,"2023-01-08 20:00:00+00:00",1,111,123,1
597,13,11,2023,"2023-01-08 20:30:00+00:00",1,117,105,1
598,27,29,2023,"2023-01-08 22:00:00+00:00",1,116,111,1
599,20,14,2023,"2023-01-08 23:00:00+00:00",1,123,118,1
600,23,19,2023,"2023-01-08 23:00:00+00:00",1,101,102,1
601,16,6,2023,"2023-01-09 00:00:00+00:00",1,96,104,1
602,4,3,2023,"2023-01-09 00:00:00+00:00",1,120,109,1
603,18,8,2023,"2023-01-09 01:00:00+00:00",1,98,112,1
604,28,9,2023,"2023-01-09 02:00:00+00:00",1,108,112,1
605,24,22,2023,"2023-01-10 00:00:00+00:00",1,112,132,1
606,1,10,2023,"2023-01-10 00:30:00+00:00",1,107,99,1
607,7,5,2023,"2023-01-10 00:30:00+00:00",1,107,111,1
608,20,26,2023,"2023-01-10 01:00:00+00:00",1,121,113,1
609,15,21,2023,"2023-01-10 02:00:00+00:00",1,122,109,1
610,12,25,2023,"2023-01-10 03:00:00+00:00",1,136,111,1
611,2,30,2023,"2023-01-11 00:00:00+00:00",1,147,116,1
612,23,4,2023,"2023-01-11 00:30:00+00:00",1,112,111,1
613,13,29,2023,"2023-01-11 00:30:00+00:00",1,132,120,1
614,14,8,2023,"2023-01-11 02:00:00+00:00",1,116,114,1
615,17,18,2023,"2023-01-11 03:00:00+00:00",1,113,125,1
616,11,25,2023,"2023-01-11 03:00:00+00:00",1,106,109,1
617,28,3,2023,"2023-01-11 03:30:00+00:00",1,113,101,1
618,30,6,2023,"2023-01-12 00:00:00+00:00",1,135,118,1
619,24,10,2023,"2023-01-12 00:00:00+00:00",1,100,97,1
620,9,5,2023,"2023-01-12 00:30:00+00:00",1,105,114,1
621,1,22,2023,"2023-01-12 00:30:00+00:00",1,125,114,1
622,7,27,2023,"2023-01-12 00:30:00+00:00",1,119,113,1
623,20,26,2023,"2023-01-12 01:00:00+00:00",1,135,129,1
624,15,18,2023,"2023-01-12 03:00:00+00:00",1,126,97,1
625,12,16,2023,"2023-01-12 03:00:00+00:00",1,135,115,1
626,2,4,2023,"2023-01-13 00:00:00+00:00",1,114,133,1
627,19,1,2023,"2023-01-13 00:30:00+00:00",1,98,109,1
628,23,5,2023,"2023-01-13 00:30:00+00:00",1,108,102,1
629,13,29,2023,"2023-01-13 00:30:00+00:00",1,124,114,1
630,21,3,2023,"2023-01-13 03:00:00+00:00",1,115,119,1
631,11,8,2023,"2023-01-13 03:00:00+00:00",1,113,119,1
632,30,22,2023,"2023-01-14 00:00:00+00:00",1,110,116,1
633,27,9,2023,"2023-01-14 00:00:00+00:00",1,111,113,1
634,24,7,2023,"2023-01-14 00:00:00+00:00",1,108,112,1
635,26,17,2023,"2023-01-14 00:30:00+00:00",1,113,144,1
636,10,4,2023,"2023-01-14 01:00:00+00:00",1,110,124,1
637,6,18,2023,"2023-01-14 01:00:00+00:00",1,121,116,1
638,14,25,2023,"2023-01-14 02:00:00+00:00",1,112,108,1
639,28,15,2023,"2023-01-14 03:00:00+00:00",1,103,115,1
640,12,16,2023,"2023-01-14 03:00:00+00:00",1,139,114,1
641,23,5,2023,"2023-01-14 18:00:00+00:00",1,111,95,1
642,29,1,2023,"2023-01-15 00:00:00+00:00",1,106,122,1
643,27,20,2023,"2023-01-15 00:00:00+00:00",1,112,130,1
644,13,9,2023,"2023-01-15 00:30:00+00:00",1,103,114,1
645,6,8,2023,"2023-01-15 01:00:00+00:00",1,110,102,1
646,14,2,2023,"2023-01-15 02:00:00+00:00",1,117,118,1
647,11,3,2023,"2023-01-15 03:00:00+00:00",1,136,119,1
648,30,7,2023,"2023-01-15 18:00:00+00:00",1,104,117,1
649,28,16,2023,"2023-01-15 20:00:00+00:00",1,121,100,1
650,10,17,2023,"2023-01-15 20:30:00+00:00",1,132,118,1
651,19,4,2023,"2023-01-15 23:00:00+00:00",1,102,112,1
652,26,12,2023,"2023-01-16 00:00:00+00:00",1,119,132,1
653,15,25,2023,"2023-01-16 01:00:00+00:00",1,119,116,1
654,11,3,2023,"2023-01-16 02:00:00+00:00",1,140,123,1
655,21,2,2023,"2023-01-16 02:30:00+00:00",1,112,113,1
656,29,1,2023,"2023-01-16 18:00:00+00:00",1,118,130,1
657,5,27,2023,"2023-01-16 19:30:00+00:00",1,132,119,1
658,8,22,2023,"2023-01-16 20:00:00+00:00",1,113,103,1
659,7,13,2023,"2023-01-16 20:00:00+00:00",1,121,123,1
660,24,17,2023,"2023-01-16 20:00:00+00:00",1,118,127,1
661,9,23,2023,"2023-01-16 20:30:00+00:00",1,121,113,1
662,6,14,2023,"2023-01-16 21:00:00+00:00",1,125,126,1
663,20,18,2023,"2023-01-16 23:00:00+00:00",1,136,106,1
664,21,16,2023,"2023-01-17 03:30:00+00:00",1,140,132,1
665,5,13,2023,"2023-01-18 00:30:00+00:00",1,130,122,1
666,26,19,2023,"2023-01-18 01:00:00+00:00",1,106,98,1
667,15,11,2023,"2023-01-18 02:00:00+00:00",1,122,113,1
668,28,2,2023,"2023-01-18 03:00:00+00:00",1,110,120,1
669,3,9,2023,"2023-01-19 00:30:00+00:00",1,122,130,1
670,7,24,2023,"2023-01-19 00:30:00+00:00",1,105,116,1
671,16,29,2023,"2023-01-19 01:00:00+00:00",1,117,122,1
672,20,8,2023,"2023-01-19 01:00:00+00:00",1,115,114,1
673,22,23,2023,"2023-01-19 01:00:00+00:00",1,98,124,1
674,4,27,2023,"2023-01-19 01:00:00+00:00",1,126,106,1
675,14,28,2023,"2023-01-19 02:00:00+00:00",1,126,103,1
676,15,6,2023,"2023-01-19 03:00:00+00:00",1,122,118,1
677,21,12,2023,"2023-01-19 03:30:00+00:00",1,111,116,1
678,30,10,2023,"2023-01-19 20:00:00+00:00",1,108,126,1
679,1,17,2023,"2023-01-20 00:30:00+00:00",1,121,118,1
680,6,13,2023,"2023-01-20 01:00:00+00:00",1,128,126,1
681,18,19,2023,"2023-01-20 03:00:00+00:00",1,117,112,1
682,11,2,2023,"2023-01-20 03:00:00+00:00",1,95,105,1
683,25,22,2023,"2023-01-21 00:00:00+00:00",1,123,110,1
684,9,7,2023,"2023-01-21 00:30:00+00:00",1,139,124,1
685,8,17,2023,"2023-01-21 00:30:00+00:00",1,114,120,1
686,3,23,2023,"2023-01-21 00:30:00+00:00",1,115,90,1
687,26,28,2023,"2023-01-21 01:00:00+00:00",1,126,131,1
688,15,27,2023,"2023-01-21 02:00:00+00:00",1,134,111,1
689,14,19,2023,"2023-01-21 02:00:00+00:00",1,106,117,1
690,21,20,2023,"2023-01-21 03:00:00+00:00",1,122,121,1
691,12,4,2023,"2023-01-21 03:00:00+00:00",1,118,113,1
692,13,1,2023,"2023-01-21 22:00:00+00:00",1,104,106,1
693,24,25,2023,"2023-01-22 00:00:00+00:00",1,138,118,1
694,9,29,2023,"2023-01-22 00:30:00+00:00",1,118,122,1
695,8,5,2023,"2023-01-22 00:30:00+00:00",1,114,102,1
696,6,16,2023,"2023-01-22 01:00:00+00:00",1,113,104,1
697,18,27,2023,"2023-01-22 02:00:00+00:00",1,112,107,1
698,12,2,2023,"2023-01-22 03:00:00+00:00",1,127,129,1
699,3,28,2023,"2023-01-22 19:30:00+00:00",1,98,112,1
700,23,22,2023,"2023-01-22 20:30:00+00:00",1,100,96,1
701,13,7,2023,"2023-01-22 23:00:00+00:00",1,125,116,1
702,15,4,2023,"2023-01-23 01:00:00+00:00",1,99,101,1
703,18,20,2023,"2023-01-23 01:00:00+00:00",1,112,110,1
704,17,19,2023,"2023-01-23 01:30:00+00:00",1,116,120,1
705,11,21,2023,"2023-01-23 02:00:00+00:00",1,112,121,1
706,30,5,2023,"2023-01-24 00:00:00+00:00",1,130,150,1
707,25,1,2023,"2023-01-24 00:00:00+00:00",1,113,98,1
708,10,9,2023,"2023-01-24 01:00:00+00:00",1,111,100,1
709,16,6,2023,"2023-01-24 01:00:00+00:00",1,119,114,1
710,14,29,2023,"2023-01-24 02:00:00+00:00",1,120,102,1
711,11,26,2023,"2023-01-24 03:00:00+00:00",1,147,127,1
712,12,20,2023,"2023-01-24 03:30:00+00:00",1,133,100,1
713,27,10,2023,"2023-01-25 00:00:00+00:00",1,116,110,1
714,23,1,2023,"2023-01-25 00:30:00+00:00",1,98,95,1
715,7,8,2023,"2023-01-25 00:30:00+00:00",1,105,103,1
716,22,15,2023,"2023-01-25 01:00:00+00:00",1,98,99,1
717,3,24,2023,"2023-01-25 01:30:00+00:00",1,126,127,1
718,18,29,2023,"2023-01-25 02:00:00+00:00",1,128,97,1
719,21,28,2023,"2023-01-25 03:00:00+00:00",1,115,133,1
720,25,27,2023,"2023-01-26 00:00:00+00:00",1,126,120,1
721,2,19,2023,"2023-01-26 00:30:00+00:00",1,137,133,1
722,16,24,2023,"2023-01-26 01:00:00+00:00",1,103,108,1
723,5,15,2023,"2023-01-26 01:00:00+00:00",1,107,99,1
724,22,6,2023,"2023-01-26 01:00:00+00:00",1,102,111,1
725,4,9,2023,"2023-01-26 01:00:00+00:00",1,132,137,1
726,17,20,2023,"2023-01-26 03:00:00+00:00",1,122,120,1
727,11,14,2023,"2023-01-26 03:00:00+00:00",1,134,124,1
728,12,13,2023,"2023-01-26 03:00:00+00:00",1,95,113,1
729,21,26,2023,"2023-01-26 03:30:00+00:00",1,113,104,1
730,1,7,2023,"2023-01-27 00:30:00+00:00",1,117,120,1
731,19,30,2023,"2023-01-27 00:30:00+00:00",1,122,130,1
732,29,10,2023,"2023-01-27 00:30:00+00:00",1,111,96,1
733,16,8,2023,"2023-01-27 01:00:00+00:00",1,95,113,1
734,18,3,2023,"2023-01-27 03:00:00+00:00",1,95,99,1
735,28,26,2023,"2023-01-27 03:30:00+00:00",1,138,100,1
736,27,5,2023,"2023-01-28 00:00:00+00:00",1,131,141,1
737,6,20,2023,"2023-01-28 00:30:00+00:00",1,111,100,1
738,23,25,2023,"2023-01-28 01:00:00+00:00",1,110,105,1
739,4,8,2023,"2023-01-28 01:00:00+00:00",1,112,100,1
740,17,13,2023,"2023-01-28 03:00:00+00:00",1,129,117,1
741,2,15,2023,"2023-01-28 20:00:00+00:00",1,126,119,1
742,19,7,2023,"2023-01-28 22:30:00+00:00",1,122,115,1
743,30,16,2023,"2023-01-29 00:00:00+00:00",1,114,117,1
744,25,10,2023,"2023-01-29 00:00:00+00:00",1,109,128,1
745,9,28,2023,"2023-01-29 00:30:00+00:00",1,113,120,1
746,6,12,2023,"2023-01-29 01:00:00+00:00",1,117,110,1
747,22,24,2023,"2023-01-29 01:00:00+00:00",1,103,113,1
748,26,18,2023,"2023-01-29 01:00:00+00:00",1,118,128,1
749,1,21,2023,"2023-01-29 01:30:00+00:00",1,125,121,1
750,14,3,2023,"2023-01-29 02:00:00+00:00",1,108,100,1
751,11,13,2023,"2023-01-29 03:00:00+00:00",1,105,123,1
752,29,23,2023,"2023-01-29 18:00:00+00:00",1,122,117,1
753,20,27,2023,"2023-01-29 23:00:00+00:00",1,112,100,1
754,8,28,2023,"2023-01-30 00:00:00+00:00",1,122,99,1
755,5,22,2023,"2023-01-30 01:00:00+00:00",1,135,110,1
756,2,25,2023,"2023-01-31 00:00:00+00:00",1,109,119,1
757,19,21,2023,"2023-01-31 00:30:00+00:00",1,121,104,1
758,6,12,2023,"2023-01-31 01:00:00+00:00",1,111,118,1
759,4,17,2023,"2023-01-31 01:00:00+00:00",1,120,128,1
760,26,24,2023,"2023-01-31 01:00:00+00:00",1,106,127,1
761,3,30,2023,"2023-01-31 01:30:00+00:00",1,111,105,1
762,18,13,2023,"2023-01-31 02:00:00+00:00",1,114,106,1
763,11,9,2023,"2023-01-31 03:00:00+00:00",1,129,125,1
764,8,23,2023,"2023-02-01 00:00:00+00:00",1,97,100,1
765,7,21,2023,"2023-02-01 00:30:00+00:00",1,123,129,1
766,10,28,2023,"2023-02-01 01:00:00+00:00",1,103,108,1
767,5,29,2023,"2023-02-01 01:00:00+00:00",1,124,115,1
768,15,22,2023,"2023-02-01 03:00:00+00:00",1,122,113,1
769,20,11,2023,"2023-02-02 00:00:00+00:00",1,112,122,1
770,2,25,2023,"2023-02-02 00:00:00+00:00",1,105,94,1
771,1,19,2023,"2023-02-02 00:30:00+00:00",1,139,96,1
772,16,4,2023,"2023-02-02 01:00:00+00:00",1,112,106,1
773,6,17,2023,"2023-02-02 01:00:00+00:00",1,119,114,1
774,26,12,2023,"2023-02-02 01:00:00+00:00",1,109,119,1
775,14,13,2023,"2023-02-02 02:00:00+00:00",1,131,128,1
776,18,9,2023,"2023-02-02 03:00:00+00:00",1,100,132,1
777,27,21,2023,"2023-02-03 00:00:00+00:00",1,111,112,1
778,8,20,2023,"2023-02-03 00:30:00+00:00",1,128,113,1
779,7,23,2023,"2023-02-03 00:30:00+00:00",1,106,104,1
780,10,29,2023,"2023-02-03 01:00:00+00:00",1,114,98,1
781,3,22,2023,"2023-02-03 01:30:00+00:00",1,111,106,1
782,15,17,2023,"2023-02-03 02:00:00+00:00",1,134,117,1
783,5,28,2023,"2023-02-03 03:00:00+00:00",1,106,105,1
784,30,29,2023,"2023-02-04 00:00:00+00:00",1,118,112,1
785,27,12,2023,"2023-02-04 00:00:00+00:00",1,107,104,1
786,24,11,2023,"2023-02-04 00:00:00+00:00",1,116,124,1
787,1,18,2023,"2023-02-04 00:30:00+00:00",1,94,106,1
788,16,13,2023,"2023-02-04 01:00:00+00:00",1,111,117,1
789,6,25,2023,"2023-02-04 01:00:00+00:00",1,120,127,1
790,26,2,2023,"2023-02-04 01:00:00+00:00",1,125,137,1
791,14,9,2023,"2023-02-04 02:00:00+00:00",1,108,115,1
792,19,24,2023,"2023-02-04 23:00:00+00:00",1,125,123,1
793,22,21,2023,"2023-02-04 23:00:00+00:00",1,131,126,1
794,30,18,2023,"2023-02-05 00:00:00+00:00",1,100,116,1
795,7,28,2023,"2023-02-05 00:00:00+00:00",1,128,134,1
796,10,11,2023,"2023-02-05 01:00:00+00:00",1,129,121,1
797,5,23,2023,"2023-02-05 01:00:00+00:00",1,123,115,1
798,4,16,2023,"2023-02-05 01:00:00+00:00",1,153,121,1
799,17,3,2023,"2023-02-05 01:30:00+00:00",1,119,113,1
800,15,9,2023,"2023-02-05 02:00:00+00:00",1,128,108,1
801,29,25,2023,"2023-02-05 18:00:00+00:00",1,113,119,1
802,27,8,2023,"2023-02-05 22:00:00+00:00",1,103,122,1
803,20,13,2023,"2023-02-05 23:00:00+00:00",1,103,106,1
804,7,2,2023,"2023-02-05 23:00:00+00:00",1,108,97,1
805,6,15,2023,"2023-02-06 00:00:00+00:00",1,128,98,1
806,22,12,2023,"2023-02-06 00:00:00+00:00",1,136,104,1
807,30,1,2023,"2023-02-07 00:00:00+00:00",1,99,111,1
808,24,8,2023,"2023-02-07 00:00:00+00:00",1,91,114,1
809,19,28,2023,"2023-02-07 00:30:00+00:00",1,116,124,1
810,10,26,2023,"2023-02-07 01:00:00+00:00",1,128,104,1
811,16,12,2023,"2023-02-07 01:00:00+00:00",1,120,140,1
812,14,3,2023,"2023-02-07 02:00:00+00:00",1,111,124,1
813,17,4,2023,"2023-02-07 03:00:00+00:00",1,141,114,1
814,11,5,2023,"2023-02-07 03:00:00+00:00",1,108,127,1
815,25,7,2023,"2023-02-08 00:00:00+00:00",1,98,102,1
816,19,18,2023,"2023-02-08 00:30:00+00:00",1,112,116,1
817,22,9,2023,"2023-02-08 00:30:00+00:00",1,116,107,1
818,20,10,2023,"2023-02-08 01:00:00+00:00",1,104,89,1
819,15,6,2023,"2023-02-08 02:00:00+00:00",1,146,112,1
820,21,4,2023,"2023-02-08 03:00:00+00:00",1,130,133,1
821,8,30,2023,"2023-02-09 00:00:00+00:00",1,113,85,1
822,24,29,2023,"2023-02-09 00:00:00+00:00",1,118,104,1
823,1,2,2023,"2023-02-09 00:30:00+00:00",1,106,99,1
824,23,27,2023,"2023-02-09 00:30:00+00:00",1,116,111,1
825,13,26,2023,"2023-02-09 00:30:00+00:00",1,112,98,1
826,16,12,2023,"2023-02-09 01:00:00+00:00",1,128,130,1
827,14,6,2023,"2023-02-09 02:00:00+00:00",1,118,143,1
828,28,3,2023,"2023-02-09 03:00:00+00:00",1,104,110,1
829,11,17,2023,"2023-02-09 03:00:00+00:00",1,125,122,1
830,25,15,2023,"2023-02-10 00:00:00+00:00",1,115,104,1
831,9,18,2023,"2023-02-10 00:30:00+00:00",1,116,107,1
832,19,10,2023,"2023-02-10 00:30:00+00:00",1,116,105,1
833,21,5,2023,"2023-02-10 03:00:00+00:00",1,106,115,1
834,30,26,2023,"2023-02-11 00:00:00+00:00",1,138,131,1
835,27,18,2023,"2023-02-11 00:00:00+00:00",1,104,117,1
836,2,7,2023,"2023-02-11 00:00:00+00:00",1,119,108,1
837,1,29,2023,"2023-02-11 00:30:00+00:00",1,127,116,1
838,13,14,2023,"2023-02-11 00:30:00+00:00",1,116,122,1
839,20,6,2023,"2023-02-11 01:00:00+00:00",1,128,107,1
840,23,16,2023,"2023-02-11 01:00:00+00:00",1,97,95,1
841,22,8,2023,"2023-02-11 03:00:00+00:00",1,107,118,1
842,11,4,2023,"2023-02-11 03:00:00+00:00",1,129,138,1
843,12,3,2023,"2023-02-11 03:00:00+00:00",1,114,122,1
844,28,5,2023,"2023-02-11 03:30:00+00:00",1,106,119,1
845,19,2,2023,"2023-02-11 23:00:00+00:00",1,98,101,1
846,29,15,2023,"2023-02-12 00:00:00+00:00",1,105,119,1
847,25,23,2023,"2023-02-12 00:00:00+00:00",1,103,107,1
848,24,27,2023,"2023-02-12 00:00:00+00:00",1,127,113,1
849,9,26,2023,"2023-02-12 00:30:00+00:00",1,125,106,1
850,7,14,2023,"2023-02-12 00:30:00+00:00",1,126,120,1
851,8,10,2023,"2023-02-12 01:00:00+00:00",1,97,89,1
852,17,21,2023,"2023-02-12 01:30:00+00:00",1,103,109,1
853,12,3,2023,"2023-02-12 03:00:00+00:00",1,133,128,1
854,1,20,2023,"2023-02-12 19:00:00+00:00",1,119,109,1
855,13,30,2023,"2023-02-12 20:00:00+00:00",1,119,118,1
856,29,9,2023,"2023-02-14 00:00:00+00:00",1,144,138,1
857,8,26,2023,"2023-02-14 00:00:00+00:00",1,117,109,1
858,27,14,2023,"2023-02-14 00:00:00+00:00",1,117,123,1
859,2,16,2023,"2023-02-14 00:00:00+00:00",1,123,104,1
860,23,15,2023,"2023-02-14 00:30:00+00:00",1,108,112,1
861,7,19,2023,"2023-02-14 00:30:00+00:00",1,124,106,1
862,10,25,2023,"2023-02-14 01:00:00+00:00",1,91,100,1
863,4,22,2023,"2023-02-14 01:00:00+00:00",1,100,103,1
864,3,6,2023,"2023-02-14 01:30:00+00:00",1,121,124,1
865,17,24,2023,"2023-02-14 03:00:00+00:00",1,135,126,1
866,11,21,2023,"2023-02-14 03:00:00+00:00",1,127,115,1
867,5,1,2023,"2023-02-15 00:30:00+00:00",1,131,125,1
868,13,25,2023,"2023-02-15 00:30:00+00:00",1,123,113,1
869,18,12,2023,"2023-02-15 02:00:00+00:00",1,120,109,1
870,28,17,2023,"2023-02-15 03:00:00+00:00",1,134,124,1
871,11,24,2023,"2023-02-15 03:00:00+00:00",1,101,126,1
872,29,26,2023,"2023-02-16 00:00:00+00:00",1,120,110,1
873,27,10,2023,"2023-02-16 00:00:00+00:00",1,117,113,1
874,9,7,2023,"2023-02-16 00:30:00+00:00",1,101,122,1
875,1,30,2023,"2023-02-16 00:30:00+00:00",1,127,109,1
876,19,23,2023,"2023-02-16 00:30:00+00:00",1,116,105,1
877,2,8,2023,"2023-02-16 00:30:00+00:00",1,118,112,1
878,20,14,2023,"2023-02-16 01:00:00+00:00",1,117,111,1
879,4,16,2023,"2023-02-16 01:00:00+00:00",1,133,96,1
880,15,3,2023,"2023-02-16 02:00:00+00:00",1,118,109,1
881,21,22,2023,"2023-02-16 03:00:00+00:00",1,120,102,1
882,10,5,2023,"2023-02-17 00:30:00+00:00",1,100,112,1
883,6,24,2023,"2023-02-17 01:00:00+00:00",1,106,114,1
884,18,28,2023,"2023-02-17 03:00:00+00:00",1,107,116,1
885,8,15,2023,"2023-02-24 00:00:00+00:00",1,109,115,1
886,27,1,2023,"2023-02-24 00:00:00+00:00",1,138,142,1
887,25,30,2023,"2023-02-24 00:00:00+00:00",1,108,106,1
888,2,20,2023,"2023-02-24 00:30:00+00:00",1,110,105,1
889,13,22,2023,"2023-02-24 00:30:00+00:00",1,115,110,1
890,3,26,2023,"2023-02-24 01:30:00+00:00",1,142,116,1
891,14,4,2023,"2023-02-24 02:00:00+00:00",1,120,119,1
892,21,17,2023,"2023-02-24 03:00:00+00:00",1,124,111,1
893,12,11,2023,"2023-02-24 03:00:00+00:00",1,133,116,1
894,24,7,2023,"2023-02-25 00:00:00+00:00",1,109,115,1
895,9,8,2023,"2023-02-25 00:30:00+00:00",1,136,119,1
896,5,23,2023,"2023-02-25 00:30:00+00:00",1,128,99,1
897,10,19,2023,"2023-02-25 01:00:00+00:00",1,131,87,1
898,6,29,2023,"2023-02-25 01:00:00+00:00",1,113,121,1
899,17,16,2023,"2023-02-25 03:00:00+00:00",1,116,101,1
900,18,4,2023,"2023-02-25 03:00:00+00:00",1,124,115,1
901,28,12,2023,"2023-02-25 03:30:00+00:00",1,175,176,1
902,30,13,2023,"2023-02-25 17:00:00+00:00",1,91,95,1
903,29,23,2023,"2023-02-26 00:00:00+00:00",1,108,103,1
904,25,27,2023,"2023-02-26 00:00:00+00:00",1,108,121,1
905,7,22,2023,"2023-02-26 00:30:00+00:00",1,128,106,1
906,20,15,2023,"2023-02-26 01:00:00+00:00",1,112,94,1
907,2,1,2023,"2023-02-26 01:30:00+00:00",1,107,110,1
908,14,26,2023,"2023-02-26 02:00:00+00:00",1,118,102,1
909,5,18,2023,"2023-02-26 18:00:00+00:00",1,104,101,1
910,9,19,2023,"2023-02-26 20:00:00+00:00",1,129,127,1
911,10,24,2023,"2023-02-26 20:30:00+00:00",1,102,82,1
912,3,21,2023,"2023-02-26 20:30:00+00:00",1,108,111,1
913,8,13,2023,"2023-02-26 23:00:00+00:00",1,118,93,1
914,4,12,2023,"2023-02-27 00:00:00+00:00",1,115,124,1
915,17,6,2023,"2023-02-27 00:30:00+00:00",1,109,104,1
916,11,16,2023,"2023-02-27 02:00:00+00:00",1,131,114,1
917,15,28,2023,"2023-02-27 03:00:00+00:00",1,134,124,1
918,29,30,2023,"2023-02-28 00:00:00+00:00",1,117,106,1
919,2,23,2023,"2023-02-28 00:00:00+00:00",1,99,101,1
920,7,1,2023,"2023-02-28 00:30:00+00:00",1,109,94,1
921,22,25,2023,"2023-02-28 01:00:00+00:00",1,93,101,1
922,9,24,2023,"2023-03-01 00:30:00+00:00",1,116,119,1
923,19,5,2023,"2023-03-01 00:30:00+00:00",1,104,118,1
924,20,21,2023,"2023-03-01 00:30:00+00:00",1,121,109,1
925,13,10,2023,"2023-03-01 00:30:00+00:00",1,104,98,1
926,16,15,2023,"2023-03-01 01:00:00+00:00",1,112,133,1
927,4,12,2023,"2023-03-01 01:00:00+00:00",1,117,123,1
928,3,27,2023,"2023-03-01 01:30:00+00:00",1,122,124,1
929,14,26,2023,"2023-03-01 02:00:00+00:00",1,94,102,1
930,17,11,2023,"2023-03-01 03:00:00+00:00",1,123,105,1
931,28,6,2023,"2023-03-01 03:00:00+00:00",1,101,108,1
932,29,18,2023,"2023-03-02 00:00:00+00:00",1,91,105,1
933,30,10,2023,"2023-03-02 00:00:00+00:00",1,115,117,1
934,1,8,2023,"2023-03-02 00:30:00+00:00",1,117,113,1
935,23,2,2023,"2023-03-02 00:30:00+00:00",1,96,119,1
936,7,19,2023,"2023-03-02 00:30:00+00:00",1,142,118,1
937,16,20,2023,"2023-03-02 01:00:00+00:00",1,99,113,1
938,5,25,2023,"2023-03-02 01:00:00+00:00",1,139,117,1
939,4,21,2023,"2023-03-02 01:00:00+00:00",1,117,123,1
940,11,22,2023,"2023-03-02 03:00:00+00:00",1,110,121,1
941,24,13,2023,"2023-03-03 00:00:00+00:00",1,119,108,1
942,3,2,2023,"2023-03-03 00:30:00+00:00",1,133,126,1
943,26,27,2023,"2023-03-03 01:30:00+00:00",1,110,99,1
944,17,28,2023,"2023-03-03 03:00:00+00:00",1,115,91,1
945,29,25,2023,"2023-03-04 00:00:00+00:00",1,106,117,1
946,9,11,2023,"2023-03-04 00:30:00+00:00",1,129,111,1
947,1,19,2023,"2023-03-04 00:30:00+00:00",1,105,115,1
948,10,18,2023,"2023-03-04 01:00:00+00:00",1,104,125,1
949,23,7,2023,"2023-03-04 01:00:00+00:00",1,120,122,1
950,4,14,2023,"2023-03-04 01:00:00+00:00",1,130,103,1
951,15,20,2023,"2023-03-04 03:00:00+00:00",1,113,97,1
952,17,22,2023,"2023-03-04 03:00:00+00:00",1,108,99,1
953,12,28,2023,"2023-03-04 03:00:00+00:00",1,128,127,1
954,21,6,2023,"2023-03-04 03:30:00+00:00",1,102,110,1
955,24,13,2023,"2023-03-04 22:00:00+00:00",1,109,116,1
956,8,30,2023,"2023-03-05 00:30:00+00:00",1,114,90,1
957,23,9,2023,"2023-03-05 01:00:00+00:00",1,117,109,1
958,26,16,2023,"2023-03-05 01:00:00+00:00",1,110,122,1
959,5,2,2023,"2023-03-05 01:30:00+00:00",1,130,133,1
960,12,6,2023,"2023-03-05 03:00:00+00:00",1,134,138,1
961,3,18,2023,"2023-03-05 18:00:00+00:00",1,126,130,1
962,10,27,2023,"2023-03-05 20:30:00+00:00",1,122,125,1
963,21,17,2023,"2023-03-05 20:30:00+00:00",1,113,105,1
964,19,29,2023,"2023-03-05 23:00:00+00:00",1,102,86,1
965,25,11,2023,"2023-03-05 23:00:00+00:00",1,119,122,1
966,16,26,2023,"2023-03-06 00:00:00+00:00",1,142,110,1
967,4,14,2023,"2023-03-06 00:00:00+00:00",1,129,119,1
968,1,7,2023,"2023-03-06 00:30:00+00:00",1,129,131,1
969,24,5,2023,"2023-03-06 00:30:00+00:00",1,111,117,1
970,28,20,2023,"2023-03-06 03:00:00+00:00",1,135,129,1
971,8,1,2023,"2023-03-07 00:00:00+00:00",1,118,114,1
972,30,11,2023,"2023-03-07 00:00:00+00:00",1,104,110,1
973,27,2,2023,"2023-03-07 00:00:00+00:00",1,143,147,1
974,23,9,2023,"2023-03-07 00:30:00+00:00",1,130,128,1
975,15,13,2023,"2023-03-07 02:00:00+00:00",1,118,113,1
976,12,22,2023,"2023-03-07 03:00:00+00:00",1,123,108,1
977,30,24,2023,"2023-03-08 00:00:00+00:00",1,117,119,1
978,25,5,2023,"2023-03-08 00:00:00+00:00",1,123,134,1
979,6,2,2023,"2023-03-08 00:30:00+00:00",1,94,117,1
980,7,29,2023,"2023-03-08 00:30:00+00:00",1,105,112,1
981,16,19,2023,"2023-03-08 01:00:00+00:00",1,96,118,1
982,4,17,2023,"2023-03-08 01:00:00+00:00",1,137,128,1
983,3,14,2023,"2023-03-08 01:30:00+00:00",1,120,116,1
984,21,20,2023,"2023-03-08 03:00:00+00:00",1,112,103,1
985,24,9,2023,"2023-03-09 00:00:00+00:00",1,120,122,1
986,1,11,2023,"2023-03-09 00:30:00+00:00",1,115,93,1
987,23,8,2023,"2023-03-09 00:30:00+00:00",1,100,104,1
988,22,3,2023,"2023-03-09 00:30:00+00:00",1,113,106,1
989,15,10,2023,"2023-03-09 02:00:00+00:00",1,96,117,1
990,18,4,2023,"2023-03-09 02:00:00+00:00",1,132,101,1
991,28,13,2023,"2023-03-09 03:00:00+00:00",1,108,100,1
992,30,29,2023,"2023-03-10 00:00:00+00:00",1,103,113,1
993,27,16,2023,"2023-03-10 00:00:00+00:00",1,134,125,1
994,25,14,2023,"2023-03-10 00:00:00+00:00",1,124,131,1
995,20,17,2023,"2023-03-10 00:30:00+00:00",1,131,110,1
996,5,19,2023,"2023-03-10 01:00:00+00:00",1,118,113,1
997,12,7,2023,"2023-03-10 03:00:00+00:00",1,122,117,1
998,2,11,2023,"2023-03-11 00:00:00+00:00",1,120,119,1
999,24,9,2023,"2023-03-11 00:00:00+00:00",1,107,114,1
1000,23,8,2023,"2023-03-11 01:00:00+00:00",1,119,115,1
1001,6,19,2023,"2023-03-11 01:00:00+00:00",1,123,124,1
1002,26,15,2023,"2023-03-11 01:00:00+00:00",1,128,120,1
1003,21,13,2023,"2023-03-11 03:30:00+00:00",1,122,112,1
1004,28,7,2023,"2023-03-11 21:00:00+00:00",1,106,95,1
1005,29,14,2023,"2023-03-12 00:00:00+00:00",1,111,119,1
1006,30,27,2023,"2023-03-12 00:00:00+00:00",1,115,121,1
1007,25,23,2023,"2023-03-12 00:00:00+00:00",1,126,114,1
1008,9,1,2023,"2023-03-12 00:30:00+00:00",1,125,134,1
1009,16,10,2023,"2023-03-12 01:00:00+00:00",1,111,119,1
1010,20,3,2023,"2023-03-12 01:00:00+00:00",1,112,108,1
1011,17,5,2023,"2023-03-12 01:30:00+00:00",1,125,116,1
1012,22,4,2023,"2023-03-12 01:30:00+00:00",1,96,110,1
1013,18,12,2023,"2023-03-12 02:00:00+00:00",1,119,128,1
1014,15,19,2023,"2023-03-12 19:30:00+00:00",1,120,122,1
1015,29,8,2023,"2023-03-12 21:00:00+00:00",1,108,114,1
1016,2,24,2023,"2023-03-12 22:00:00+00:00",1,112,93,1
1017,22,11,2023,"2023-03-12 23:00:00+00:00",1,127,110,1
1018,26,4,2023,"2023-03-12 23:00:00+00:00",1,90,102,1
1019,21,7,2023,"2023-03-13 01:00:00+00:00",1,108,112,1
1020,30,27,2023,"2023-03-13 23:00:00+00:00",1,117,97,1
1021,9,6,2023,"2023-03-13 23:30:00+00:00",1,115,136,1
1022,3,20,2023,"2023-03-13 23:30:00+00:00",1,88,104,1
1023,23,14,2023,"2023-03-13 23:30:00+00:00",1,119,115,1
1024,16,1,2023,"2023-03-14 00:00:00+00:00",1,111,109,1
1025,17,18,2023,"2023-03-14 02:00:00+00:00",1,123,112,1
1026,12,5,2023,"2023-03-14 02:00:00+00:00",1,124,133,1
1027,29,8,2023,"2023-03-14 23:00:00+00:00",1,104,120,1
1028,24,30,2023,"2023-03-14 23:00:00+00:00",1,117,97,1
1029,13,15,2023,"2023-03-14 23:30:00+00:00",1,125,110,1
1030,22,21,2023,"2023-03-15 00:00:00+00:00",1,108,123,1
1031,4,19,2023,"2023-03-15 00:00:00+00:00",1,121,107,1
1032,26,25,2023,"2023-03-15 00:00:00+00:00",1,132,114,1
1033,18,5,2023,"2023-03-15 02:00:00+00:00",1,104,116,1
1034,11,7,2023,"2023-03-15 02:00:00+00:00",1,107,123,1
1035,8,2,2023,"2023-03-15 23:30:00+00:00",1,109,118,1
1036,23,20,2023,"2023-03-15 23:30:00+00:00",1,138,119,1
1037,10,12,2023,"2023-03-16 00:00:00+00:00",1,114,117,1
1038,16,21,2023,"2023-03-16 00:00:00+00:00",1,114,110,1
1039,6,1,2023,"2023-03-16 00:00:00+00:00",1,102,104,1
1040,26,3,2023,"2023-03-16 00:30:00+00:00",1,128,137,1
1041,28,17,2023,"2023-03-16 02:00:00+00:00",1,134,126,1
1042,30,15,2023,"2023-03-16 23:00:00+00:00",1,100,119,1
1043,19,12,2023,"2023-03-16 23:30:00+00:00",1,96,101,1
1044,13,4,2023,"2023-03-16 23:30:00+00:00",1,128,111,1
1045,5,27,2023,"2023-03-17 00:00:00+00:00",1,123,139,1
1046,18,25,2023,"2023-03-17 02:00:00+00:00",1,116,113,1
1047,29,2,2023,"2023-03-17 23:00:00+00:00",1,82,121,1
1048,9,17,2023,"2023-03-17 23:30:00+00:00",1,127,119,1
1049,8,24,2023,"2023-03-17 23:30:00+00:00",1,117,94,1
1050,10,6,2023,"2023-03-18 00:00:00+00:00",1,139,131,1
1051,16,22,2023,"2023-03-18 00:00:00+00:00",1,114,112,1
1052,26,20,2023,"2023-03-18 00:00:00+00:00",1,120,126,1
1053,11,1,2023,"2023-03-18 02:00:00+00:00",1,112,126,1
1054,21,3,2023,"2023-03-18 02:30:00+00:00",1,110,111,1
1055,7,15,2023,"2023-03-18 17:00:00+00:00",1,116,110,1
1056,28,25,2023,"2023-03-18 19:00:00+00:00",1,108,113,1
1057,27,2,2023,"2023-03-18 23:00:00+00:00",1,121,141,1
1058,13,6,2023,"2023-03-18 23:00:00+00:00",1,122,107,1
1059,10,23,2023,"2023-03-19 00:00:00+00:00",1,113,99,1
1060,20,17,2023,"2023-03-19 00:00:00+00:00",1,133,119,1
1061,24,12,2023,"2023-03-19 00:00:00+00:00",1,118,132,1
1062,14,1,2023,"2023-03-19 01:00:00+00:00",1,118,117,1
1063,19,15,2023,"2023-03-19 19:30:00+00:00",1,102,108,1
1064,4,18,2023,"2023-03-19 19:30:00+00:00",1,124,120,1
1065,26,9,2023,"2023-03-19 20:00:00+00:00",1,126,118,1
1066,30,23,2023,"2023-03-19 22:00:00+00:00",1,100,112,1
1067,16,22,2023,"2023-03-19 23:00:00+00:00",1,107,117,1
1068,5,13,2023,"2023-03-20 00:00:00+00:00",1,118,111,1
1069,11,28,2023,"2023-03-20 01:00:00+00:00",1,102,117,1
1070,21,25,2023,"2023-03-20 01:30:00+00:00",1,111,105,1
1071,29,27,2023,"2023-03-20 23:00:00+00:00",1,115,109,1
1072,2,10,2023,"2023-03-20 23:00:00+00:00",1,105,109,1
1073,7,6,2023,"2023-03-20 23:30:00+00:00",1,134,140,1
1074,16,17,2023,"2023-03-21 00:00:00+00:00",1,108,121,1
1075,20,3,2023,"2023-03-21 00:00:00+00:00",1,112,108,1
1076,14,12,2023,"2023-03-21 01:00:00+00:00",1,128,120,1
1077,25,24,2023,"2023-03-21 23:00:00+00:00",1,122,112,1
1078,9,30,2023,"2023-03-21 23:30:00+00:00",1,129,107,1
1079,19,8,2023,"2023-03-21 23:30:00+00:00",1,109,115,1
1080,22,26,2023,"2023-03-22 00:00:00+00:00",1,119,84,1
1081,12,1,2023,"2023-03-22 02:00:00+00:00",1,109,132,1
1082,28,4,2023,"2023-03-22 02:30:00+00:00",1,100,101,1
1083,24,15,2023,"2023-03-22 23:00:00+00:00",1,104,118,1
1084,3,17,2023,"2023-03-22 23:30:00+00:00",1,125,127,1
1085,23,7,2023,"2023-03-22 23:30:00+00:00",1,127,120,1
1086,13,27,2023,"2023-03-22 23:30:00+00:00",1,114,118,1
1087,10,2,2023,"2023-03-23 00:00:00+00:00",1,91,116,1
1088,20,16,2023,"2023-03-23 00:00:00+00:00",1,130,125,1
1089,5,26,2023,"2023-03-23 00:00:00+00:00",1,130,94,1
1090,6,9,2023,"2023-03-23 00:00:00+00:00",1,125,124,1
1091,14,11,2023,"2023-03-23 01:00:00+00:00",1,115,127,1
1092,21,18,2023,"2023-03-23 02:00:00+00:00",1,122,111,1
1093,25,7,2023,"2023-03-23 23:00:00+00:00",1,111,106,1
1094,19,8,2023,"2023-03-23 23:30:00+00:00",1,114,116,1
1095,22,29,2023,"2023-03-24 00:00:00+00:00",1,115,96,1
1096,28,4,2023,"2023-03-24 02:30:00+00:00",1,127,105,1
1097,1,27,2023,"2023-03-24 23:00:00+00:00",1,120,95,1
1098,24,26,2023,"2023-03-24 23:00:00+00:00",1,136,124,1
1099,13,30,2023,"2023-03-24 23:30:00+00:00",1,118,97,1
1100,20,16,2023,"2023-03-25 00:00:00+00:00",1,151,114,1
1101,3,29,2023,"2023-03-25 00:30:00+00:00",1,109,117,1
1102,14,5,2023,"2023-03-25 01:00:00+00:00",1,116,144,1
1103,17,2,2023,"2023-03-25 02:00:00+00:00",1,120,112,1
1104,11,10,2023,"2023-03-25 02:00:00+00:00",1,96,124,1
1105,12,18,2023,"2023-03-25 02:00:00+00:00",1,135,127,1
1106,21,4,2023,"2023-03-25 02:30:00+00:00",1,116,111,1
1107,9,27,2023,"2023-03-25 21:00:00+00:00",1,143,130,1
1108,23,19,2023,"2023-03-26 00:00:00+00:00",1,100,129,1
1109,15,5,2023,"2023-03-26 01:00:00+00:00",1,129,106,1
1110,18,2,2023,"2023-03-26 02:00:00+00:00",1,125,105,1
1111,12,14,2023,"2023-03-26 02:00:00+00:00",1,121,113,1
1112,28,22,2023,"2023-03-26 02:30:00+00:00",1,110,131,1
1113,29,3,2023,"2023-03-26 17:00:00+00:00",1,110,104,1
1114,21,10,2023,"2023-03-26 19:30:00+00:00",1,108,118,1
1115,9,20,2023,"2023-03-26 22:00:00+00:00",1,119,123,1
1116,1,26,2023,"2023-03-26 22:00:00+00:00",1,137,93,1
1117,8,16,2023,"2023-03-26 22:00:00+00:00",1,108,91,1
1118,25,19,2023,"2023-03-26 22:00:00+00:00",1,119,106,1
1119,13,24,2023,"2023-03-26 22:00:00+00:00",1,114,104,1
1120,11,4,2023,"2023-03-26 23:00:00+00:00",1,112,118,1
1121,17,6,2023,"2023-03-27 00:30:00+00:00",1,96,99,1
1122,30,5,2023,"2023-03-27 23:00:00+00:00",1,117,126,1
1123,27,3,2023,"2023-03-27 23:00:00+00:00",1,104,127,1
1124,7,16,2023,"2023-03-27 23:30:00+00:00",1,137,115,1
1125,14,18,2023,"2023-03-28 01:00:00+00:00",1,103,117,1
1126,15,2,2023,"2023-03-28 01:30:00+00:00",1,116,111,1
1127,11,22,2023,"2023-03-28 02:00:00+00:00",1,90,124,1
1128,12,6,2023,"2023-03-28 02:00:00+00:00",1,115,119,1
1129,28,10,2023,"2023-03-28 02:30:00+00:00",1,124,112,1
1130,24,1,2023,"2023-03-28 23:00:00+00:00",1,130,111,1
1131,9,8,2023,"2023-03-28 23:30:00+00:00",1,120,118,1
1132,13,23,2023,"2023-03-28 23:30:00+00:00",1,106,92,1
1133,20,25,2023,"2023-03-29 00:00:00+00:00",1,113,108,1
1134,4,29,2023,"2023-03-29 00:00:00+00:00",1,134,137,1
1135,17,22,2023,"2023-03-29 02:00:00+00:00",1,120,109,1
1136,27,5,2023,"2023-03-29 23:00:00+00:00",1,136,149,1
1137,19,16,2023,"2023-03-29 23:30:00+00:00",1,123,114,1
1138,7,23,2023,"2023-03-29 23:30:00+00:00",1,101,92,1
1139,2,3,2023,"2023-03-29 23:30:00+00:00",1,116,108,1
1140,10,21,2023,"2023-03-30 00:00:00+00:00",1,110,121,1
1141,20,28,2023,"2023-03-30 00:00:00+00:00",1,132,141,1
1142,4,30,2023,"2023-03-30 00:00:00+00:00",1,107,106,1
1143,26,14,2023,"2023-03-30 00:00:00+00:00",1,117,128,1
1144,18,6,2023,"2023-03-30 02:00:00+00:00",1,107,100,1
1145,11,12,2023,"2023-03-30 02:00:00+00:00",1,80,120,1
1146,5,1,2023,"2023-03-30 23:30:00+00:00",1,99,140,1
1147,15,22,2023,"2023-03-31 02:00:00+00:00",1,88,107,1
1148,29,10,2023,"2023-03-31 23:00:00+00:00",1,91,121,1
1149,27,4,2023,"2023-03-31 23:00:00+00:00",1,121,117,1
1150,2,13,2023,"2023-03-31 23:00:00+00:00",1,117,110,1
1151,24,25,2023,"2023-03-31 23:00:00+00:00",1,109,116,1
1152,1,14,2023,"2023-03-31 23:30:00+00:00",1,122,114,1
1153,19,9,2023,"2023-03-31 23:30:00+00:00",1,124,107,1
1154,8,7,2023,"2023-03-31 23:30:00+00:00",1,116,130,1
1155,16,30,2023,"2023-04-01 00:00:00+00:00",1,121,115,1
1156,20,28,2023,"2023-04-01 00:00:00+00:00",1,108,94,1
1157,6,21,2023,"2023-04-01 00:00:00+00:00",1,111,123,1
1158,17,26,2023,"2023-04-01 02:00:00+00:00",1,130,115,1
1159,11,12,2023,"2023-04-01 02:00:00+00:00",1,114,138,1
1160,18,15,2023,"2023-04-01 02:30:00+00:00",1,100,93,1
1161,23,3,2023,"2023-04-01 23:30:00+00:00",1,129,122,1
1162,22,28,2023,"2023-04-02 00:30:00+00:00",1,122,114,1
1163,29,13,2023,"2023-04-02 17:00:00+00:00",1,108,128,1
1164,19,14,2023,"2023-04-02 19:30:00+00:00",1,111,110,1
1165,10,20,2023,"2023-04-02 19:30:00+00:00",1,128,107,1
1166,6,11,2023,"2023-04-02 19:30:00+00:00",1,105,107,1
1167,9,3,2023,"2023-04-02 22:00:00+00:00",1,132,130,1
1168,7,24,2023,"2023-04-02 22:00:00+00:00",1,118,109,1
1169,25,30,2023,"2023-04-02 22:00:00+00:00",1,128,102,1
1170,12,26,2023,"2023-04-02 22:00:00+00:00",1,134,142,1
1171,16,21,2023,"2023-04-02 23:00:00+00:00",1,109,134,1
1172,4,18,2023,"2023-04-02 23:00:00+00:00",1,118,128,1
1173,8,27,2023,"2023-04-03 00:00:00+00:00",1,115,105,1
1174,5,2,2023,"2023-04-03 00:00:00+00:00",1,117,104,1
1175,15,17,2023,"2023-04-03 00:30:00+00:00",1,112,110,1
1176,29,13,2023,"2023-04-04 23:00:00+00:00",1,100,120,1
1177,30,23,2023,"2023-04-04 23:00:00+00:00",1,105,118,1
1178,25,8,2023,"2023-04-04 23:00:00+00:00",1,113,117,1
1179,24,5,2023,"2023-04-04 23:00:00+00:00",1,128,140,1
1180,19,6,2023,"2023-04-04 23:30:00+00:00",1,102,107,1
1181,10,9,2023,"2023-04-05 00:00:00+00:00",1,105,123,1
1182,16,15,2023,"2023-04-05 00:00:00+00:00",1,124,103,1
1183,20,11,2023,"2023-04-05 00:00:00+00:00",1,119,109,1
1184,22,12,2023,"2023-04-05 00:00:00+00:00",1,103,121,1
1185,2,1,2023,"2023-04-05 00:00:00+00:00",1,103,101,1
1186,14,21,2023,"2023-04-05 01:00:00+00:00",1,133,135,1
1187,17,4,2023,"2023-04-05 02:00:00+00:00",1,136,125,1
1188,18,26,2023,"2023-04-05 02:00:00+00:00",1,115,94,1
1189,30,19,2023,"2023-04-05 23:00:00+00:00",1,108,123,1
1190,27,7,2023,"2023-04-05 23:00:00+00:00",1,129,138,1
1191,9,24,2023,"2023-04-05 23:30:00+00:00",1,134,116,1
1192,1,13,2023,"2023-04-05 23:30:00+00:00",1,97,93,1
1193,5,10,2023,"2023-04-05 23:30:00+00:00",1,105,92,1
1194,22,20,2023,"2023-04-06 00:00:00+00:00",1,138,131,1
1195,3,12,2023,"2023-04-06 00:30:00+00:00",1,123,119,1
1196,28,21,2023,"2023-04-06 02:00:00+00:00",1,125,118,1
1197,25,8,2023,"2023-04-06 23:00:00+00:00",1,94,118,1
1198,2,23,2023,"2023-04-06 23:30:00+00:00",1,101,129,1
1199,26,11,2023,"2023-04-07 00:00:00+00:00",1,129,127,1
1200,14,4,2023,"2023-04-07 01:00:00+00:00",1,98,114,1
1201,18,15,2023,"2023-04-07 02:00:00+00:00",1,119,115,1
1202,29,16,2023,"2023-04-07 23:00:00+00:00",1,109,112,1
1203,27,30,2023,"2023-04-07 23:00:00+00:00",1,115,122,1
1204,24,23,2023,"2023-04-07 23:00:00+00:00",1,114,108,1
1205,9,2,2023,"2023-04-07 23:30:00+00:00",1,131,136,1
1206,1,13,2023,"2023-04-07 23:30:00+00:00",1,121,102,1
1207,19,25,2023,"2023-04-07 23:30:00+00:00",1,101,84,1
1208,5,20,2023,"2023-04-08 00:00:00+00:00",1,114,137,1
1209,22,7,2023,"2023-04-08 00:00:00+00:00",1,113,105,1
1210,3,10,2023,"2023-04-08 00:30:00+00:00",1,112,115,1
1211,12,17,2023,"2023-04-08 02:00:00+00:00",1,97,119,1
1212,21,18,2023,"2023-04-08 02:30:00+00:00",1,121,107,1
1213,14,15,2023,"2023-04-08 19:30:00+00:00",1,118,114,1
1214,28,11,2023,"2023-04-08 20:00:00+00:00",1,136,125,1
1215,26,6,2023,"2023-04-08 20:00:00+00:00",1,131,151,1
1216,1,9,2023,"2023-04-09 17:00:00+00:00",1,120,114,1
1217,19,2,2023,"2023-04-09 17:00:00+00:00",1,105,134,1
1218,10,30,2023,"2023-04-09 17:00:00+00:00",1,103,81,1
1219,8,29,2023,"2023-04-09 17:00:00+00:00",1,95,106,1
1220,23,25,2023,"2023-04-09 17:00:00+00:00",1,123,110,1
1221,7,27,2023,"2023-04-09 17:00:00+00:00",1,136,141,1
1222,13,5,2023,"2023-04-09 17:00:00+00:00",1,121,105,1
1223,24,16,2023,"2023-04-09 17:00:00+00:00",1,109,114,1
1224,3,26,2023,"2023-04-09 19:30:00+00:00",1,117,138,1
1225,15,12,2023,"2023-04-09 19:30:00+00:00",1,109,95,1
1226,21,14,2023,"2023-04-09 19:30:00+00:00",1,128,117,1
1227,6,22,2023,"2023-04-09 19:30:00+00:00",1,113,108,1
1228,4,20,2023,"2023-04-09 19:30:00+00:00",1,115,100,1
1229,18,28,2023,"2023-04-09 19:30:00+00:00",1,114,119,1
1230,11,17,2023,"2023-04-09 19:30:00+00:00",1,101,157,1
1231,23,9,2023,"2023-04-11 23:30:00+00:00",1,105,116,1
1232,21,6,2023,"2023-04-12 02:00:00+00:00",1,108,102,1
1233,13,10,2023,"2023-04-12 23:00:00+00:00",1,105,109,1
1234,22,4,2023,"2023-04-13 01:30:00+00:00",1,118,123,1
1235,23,10,2023,"2023-04-14 23:00:00+00:00",1,102,91,1
1236,6,4,2023,"2023-04-15 01:30:00+00:00",1,120,95,1
1237,2,19,2023,"2023-04-15 17:00:00+00:00",1,121,101,1
1238,1,9,2023,"2023-04-15 19:30:00+00:00",1,112,99,1
1239,8,7,2023,"2023-04-15 22:00:00+00:00",1,97,101,1
1240,12,17,2023,"2023-04-16 00:30:00+00:00",1,126,123,1
1241,20,21,2023,"2023-04-16 19:00:00+00:00",1,112,128,1
1242,5,23,2023,"2023-04-16 21:30:00+00:00",1,117,130,1
1243,18,28,2023,"2023-04-17 00:00:00+00:00",1,110,115,1
1244,15,6,2023,"2023-04-17 02:30:00+00:00",1,109,80,1
1245,2,19,2023,"2023-04-17 23:30:00+00:00",1,96,84,1
1246,12,17,2023,"2023-04-18 02:00:00+00:00",1,114,106,1
1247,1,9,2023,"2023-04-18 23:00:00+00:00",1,119,106,1
1248,8,7,2023,"2023-04-18 23:30:00+00:00",1,107,90,1
1249,18,28,2023,"2023-04-19 02:00:00+00:00",1,123,109,1
1250,20,21,2023,"2023-04-19 23:30:00+00:00",1,103,93,1
1251,5,23,2023,"2023-04-20 01:00:00+00:00",1,138,122,1
1252,15,6,2023,"2023-04-20 02:00:00+00:00",1,122,113,1
1253,19,2,2023,"2023-04-20 23:30:00+00:00",1,97,102,1
1254,17,12,2023,"2023-04-21 02:00:00+00:00",1,114,97,1
1255,28,18,2023,"2023-04-21 02:30:00+00:00",1,124,129,1
1256,9,1,2023,"2023-04-21 23:00:00+00:00",1,130,122,1
1257,7,8,2023,"2023-04-22 00:30:00+00:00",1,99,79,1
1258,6,15,2023,"2023-04-22 01:30:00+00:00",1,111,120,1
1259,19,2,2023,"2023-04-22 17:00:00+00:00",1,88,96,1
1260,28,18,2023,"2023-04-22 19:30:00+00:00",1,100,112,1
1261,23,5,2023,"2023-04-22 23:30:00+00:00",1,121,99,1
1262,21,20,2023,"2023-04-23 02:00:00+00:00",1,111,101,1
1263,7,8,2023,"2023-04-23 17:00:00+00:00",1,102,93,1
1264,17,12,2023,"2023-04-23 19:30:00+00:00",1,126,125,1
1265,9,1,2023,"2023-04-23 23:00:00+00:00",1,121,129,1
1266,6,15,2023,"2023-04-24 01:30:00+00:00",1,114,108,1
1267,23,5,2023,"2023-04-24 23:30:00+00:00",1,119,114,1
1268,21,20,2023,"2023-04-25 02:00:00+00:00",1,117,111,1
1269,1,9,2023,"2023-04-25 23:30:00+00:00",1,117,119,1
1270,15,6,2023,"2023-04-26 01:00:00+00:00",1,112,109,1
1271,18,28,2023,"2023-04-26 02:00:00+00:00",1,136,130,1
1272,8,7,2023,"2023-04-26 23:00:00+00:00",1,95,106,1
1273,20,21,2023,"2023-04-26 23:30:00+00:00",1,116,99,1
1274,5,23,2023,"2023-04-27 01:30:00+00:00",1,126,128,1
1275,12,17,2023,"2023-04-27 02:00:00+00:00",1,116,123,1
1276,9,1,2023,"2023-04-28 00:30:00+00:00",1,120,128,1
1277,17,12,2023,"2023-04-29 00:00:00+00:00",1,99,118,1
1278,21,20,2023,"2023-04-29 02:30:00+00:00",1,125,85,1
1279,15,18,2023,"2023-04-30 00:30:00+00:00",1,125,107,1
1280,7,23,2023,"2023-04-30 17:00:00+00:00",1,101,108,1
1281,12,17,2023,"2023-04-30 19:30:00+00:00",1,100,120,1
1282,1,2,2023,"2023-05-01 23:30:00+00:00",1,115,119,1
1283,15,18,2023,"2023-05-02 02:00:00+00:00",1,97,87,1
1284,7,23,2023,"2023-05-02 23:30:00+00:00",1,111,105,1
1285,17,21,2023,"2023-05-03 02:00:00+00:00",1,112,117,1
1286,1,2,2023,"2023-05-04 00:00:00+00:00",1,121,87,1
1287,17,21,2023,"2023-05-05 01:00:00+00:00",1,127,100,1
1288,2,1,2023,"2023-05-05 23:30:00+00:00",1,102,114,1
1289,18,15,2023,"2023-05-06 02:00:00+00:00",1,121,114,1
1290,23,7,2023,"2023-05-06 19:30:00+00:00",1,105,86,1
1291,21,17,2023,"2023-05-07 00:30:00+00:00",1,127,97,1
1292,2,1,2023,"2023-05-07 19:30:00+00:00",1,116,115,1
1293,18,15,2023,"2023-05-08 00:00:00+00:00",1,129,124,1
1294,23,7,2023,"2023-05-08 23:30:00+00:00",1,109,101,1
1295,21,17,2023,"2023-05-09 02:00:00+00:00",1,104,101,1
1296,1,2,2023,"2023-05-09 23:30:00+00:00",1,103,115,1
1297,15,18,2023,"2023-05-10 02:00:00+00:00",1,118,102,1
1298,7,23,2023,"2023-05-10 23:30:00+00:00",1,112,103,1
1299,17,21,2023,"2023-05-11 02:00:00+00:00",1,121,106,1
1300,2,1,2023,"2023-05-11 23:30:00+00:00",1,86,95,1
1301,18,15,2023,"2023-05-12 02:00:00+00:00",1,100,125,1
1302,23,7,2023,"2023-05-12 23:30:00+00:00",1,96,92,1
1303,21,17,2023,"2023-05-13 02:00:00+00:00",1,122,101,1
1304,1,2,2023,"2023-05-14 19:30:00+00:00",1,112,88,1
1305,15,21,2023,"2023-05-17 00:30:00+00:00",1,132,126,1
1306,1,23,2023,"2023-05-18 00:30:00+00:00",1,116,123,1
1307,15,21,2023,"2023-05-19 00:30:00+00:00",1,108,103,1
1308,1,23,2023,"2023-05-20 00:30:00+00:00",1,105,111,1
1309,21,15,2023,"2023-05-21 00:30:00+00:00",1,108,119,1
1310,23,1,2023,"2023-05-22 00:30:00+00:00",1,128,102,1
1311,21,15,2023,"2023-05-23 00:30:00+00:00",1,111,113,1
1312,23,1,2023,"2023-05-24 00:30:00+00:00",1,99,116,1
1313,1,23,2023,"2023-05-26 00:30:00+00:00",1,110,97,1
1314,23,1,2023,"2023-05-28 00:30:00+00:00",1,103,104,1
1315,1,23,2023,"2023-05-30 00:30:00+00:00",1,84,103,1
1316,15,23,2023,"2023-06-02 00:30:00+00:00",1,104,93,1
1317,15,23,2023,"2023-06-05 00:00:00+00:00",1,108,111,1
1318,23,15,2023,"2023-06-08 00:30:00+00:00",1,94,109,1
1319,23,15,2023,"2023-06-10 00:30:00+00:00",1,95,108,1
1320,15,23,2023,"2023-06-13 00:30:00+00:00",1,94,89,1
